"ID","conflict_name","ccode","cname","region","secession","battledeadbest","lnbdb","battledeadlow","lnbdl","battledeadhigh","lnbdh","pop","lnpop","dper100k","begin","end","duration","lnduration","rate","lnrate","cw","intervention","democ","lngdp","gdpsq","milper","milperpop","lnmilperpop","milex","milqual","lnmilqual","milq2","mountain","lnmountain","ethfrac","lnethfrac","relfrac","lnrelfrac","relpolar","ethnicpolar"
1010,"Bolivia (Popular Revolutionary Movement)",145,"BOL",2,0,1000,6.90775537490845,1000,6.90775537490845,1000,6.90775537490845,2858000,14.8656330108643,34.989501953125,1946,1946,1,0,1000,6.90775537490845,1,0,0,NA,NA,9,3.14905537379673e-06,-12.6684083938599,7052,783.555541992188,6.66384172439575,15.4508571624756,35.8999977111816,3.60821151733398,0.678132951259613,-0.388411909341812,0.0950000286102295,-2.35387802124023,0,1
1030,"Chinese Civil War",710,"CHN",4,0,1200000,13.9978322982788,1200000,13.9978322982788,1200000,13.9978322982788,548585984,20.1228542327881,218.744201660156,1946,1949,4,1.3862943649292,3e+05,12.6115379333496,1,1,0,5.4510383605957,13.6960105895996,4158,7.57948646423756e-06,-11.7900648117065,789300,189.826843261719,5.24611234664917,15.9164209365845,37.4000015258789,3.64805746078491,0.118452370166779,-2.13324427604675,0.550999999046326,-0.596020460128784,1,0
1040,"Greek Civil War",350,"GRC",5,0,154000,11.9447078704834,154000,11.9447078704834,154000,11.9447078704834,7223000,15.7927808761597,2132.078125,1946,1949,4,1.3862943649292,38500,10.5584135055542,1,1,1,6.69332361221313,11.8161659240723,120,1.66135960171232e-05,-11.0052890777588,95622,796.849975585938,6.68066644668579,15.4390850067139,21.7999992370605,3.12676048278809,0.0986450910568237,-2.31622672080994,0.0393999814987183,-3.23398995399475,0,0
1062,"Iran 1979-85",630,"IRN",6,0,10230,9.23307991027832,10230,9.23307991027832,10230,9.23307991027832,36617000,17.4160232543945,27.9378433227539,1979,1985,7,1.94591009616852,1461.42858886719,7.28716993331909,1,0,0,8.55217456817627,16.589599609375,350,9.55840187089052e-06,-11.5580902099609,9137992,26108.548828125,10.170018196106,20.0916900634766,38.3000030517578,3.67122459411621,0.756581664085388,-0.278944790363312,0.197799980640411,-1.62049901485443,1,1
1100,"Philippines (Huk Rebellion)",840,"PHI",4,0,9000,9.10497951507568,9000,9.10497951507568,9000,9.10497951507568,18434000,16.7297077178955,48.822826385498,1946,1954,9,2.19722461700439,1000,6.90775537490845,1,1,0,6.12905025482178,13.1473608016968,27,1.46468482853379e-06,-13.4338703155518,12488,462.518524169922,6.1366868019104,15.7159366607666,21.2999973297119,3.10458660125732,0.745177149772644,-0.294133305549622,0.299600005149841,-1.20530700683594,1,0
1101,"Philippines (NPA)",840,"PHI",4,0,24400,10.1023387908936,24400,10.1023387908936,24400,10.1023387908936,38655000,17.4701862335205,63.1224937438965,1972,1995,24,3.178053855896,1016.66668701172,6.9242844581604,1,1,0,7.26682758331299,11.0981550216675,58,1.50045275404409e-06,-13.409743309021,121429,2093.603515625,7.64664220809937,13.7237901687622,21.2999973297119,3.10458660125732,0.745177149772644,-0.294133305549622,0.299600005149841,-1.20530700683594,1,0
1130,"USSR vs. Lithuania",365,"RUS",5,1,8620,9.06184005737305,8620,9.06184005737305,8620,9.06184005737305,169491008,18.9483108520508,5.0858154296875,1946,1948,3,1.0986123085022,2873.33325195312,7.96322822570801,1,0,0,7.48829364776611,12.8334655761719,2500,1.47500450111693e-05,-11.1242647171021,8764724,3505.8896484375,8.16219997406006,12.2498512268066,14.1999988555908,2.72129535675049,0.666593015193939,-0.405575603246689,0.445599973201752,-0.8083336353302,1,1
1140,"USSR vs. Ukraine",365,"RUS",5,1,17769,9.78521060943604,17669,9.77956676483154,17969,9.79640293121338,169491008,18.9483108520508,10.4837417602539,1946,1950,5,1.60943794250488,3553.80004882812,8.17577266693115,1,0,0,7.48829364776611,12.8334655761719,2500,1.47500450111693e-05,-11.1242647171021,8764724,3505.8896484375,8.16219997406006,12.2498512268066,14.1999988555908,2.72129535675049,0.666593015193939,-0.405575603246689,0.445599973201752,-0.8083336353302,1,1
1180,"China (Taiwan 1947)",710,"SHN",4,1,1000,6.90775537490845,540,6.29156923294067,1000,6.90775537490845,553268992,20.1313552856445,0.180743902921677,1947,1947,1,0,1000,6.90775537490845,1,0,0,5.42053508758545,13.7108173370361,4158,7.5153316174692e-06,-11.798565864563,789300,189.826843261719,5.24611234664917,15.9164209365845,37.4000015258789,3.64805746078491,0.118452370166779,-2.13324427604675,0.550999999046326,-0.596020460128784,1,0
1220,"Paraguay 1947",150,"PAR",2,0,4000,8.29404926300049,4000,8.29404926300049,4000,8.29404926300049,1275000,14.0584564208984,313.725494384766,1947,1947,1,0,4000,8.29404926300049,1,0,0,6.93828439712524,9.93962860107422,4,3.1372549074149e-06,-12.6721620559692,3425,856.25,6.75256252288818,15.3856220245361,1.10000002384186,0.741937339305878,0.144922375679016,-1.93155705928802,0.180000007152557,-1.71479833126068,1,0
1230,"Burma/Myanmar Civil War",775,"MYA",4,1,75318,11.229474067688,75318,11.229474067688,75318,11.229474067688,18119000,16.7124710083008,415.685180664062,1948,2002,55,4.00733327865601,1369.41821289062,7.22214126586914,1,1,1,5.30826759338379,13.7607679367065,3,1.65572046739726e-07,-15.6138591766357,15130,5043.33349609375,8.52582263946533,15.1963520050049,35.6000022888184,3.60004830360413,0.475504875183105,-0.743378162384033,0.204200029373169,-1.58865523338318,0,1
1270,"Costa Rica 1948",94,"COS",2,0,2000,7.60090255737305,2000,7.60090255737305,2000,7.60090255737305,766000,13.5489377975464,261.096618652344,1948,1948,1,0,2000,7.60090255737305,1,1,1,7.19668674468994,10.1503505706787,1,1.30548301058298e-06,-13.5489377975464,1411,1411,7.25205373764038,14.8021926879883,22.2000026702881,3.14415240287781,0.071090042591095,-2.64380788803101,0.257799983024597,-1.35557126998901,1,0
1293,"India (Naxalites 1996-2002)",750,"IND",3,1,1494,7.30921220779419,1494,7.30921220779419,1494,7.30921220779419,929358016,20.6500053405762,0.160756126046181,1996,2002,7,1.94591009616852,213.428573608398,5.36330223083496,0,0,1,7.29715728759766,11.414870262146,1260,1.35577465698589e-06,-13.5111379623413,9992000,7930.15869140625,8.97842788696289,16.9863662719727,12.9000005722046,2.63188886642456,0.886478185653687,-0.120498761534691,0.33840000629425,-1.08352661132812,1,1
1320,"South Korea 1948-50",732,"ROK",4,0,31525,10.3585357666016,31525,10.3585357666016,31525,10.3585357666016,20208000,16.8215885162354,156.002578735352,1948,1950,3,1.0986123085022,10508.3330078125,9.25992393493652,1,1,0,6.22851085662842,13.0085763931274,69,3.41448935614608e-06,-12.5874824523926,12245,177.463775634766,5.17876672744751,15.9250507354736,8.90000057220459,2.29253506660461,0.00411750003695488,-5.49250888824463,0.537400007247925,-0.621012568473816,1,0
1330,"North Yemen 1948",678,"YEM",6,0,4000,8.29404926300049,4000,8.29404926300049,4000,8.29404926300049,3169000,14.9689264297485,126.222785949707,1948,1948,1,0,4000,8.29404926300049,1,0,0,3.91202306747437,14.0510768890381,18,5.68002542422619e-06,-12.0785551071167,NA,NA,NA,NA,27.2000007629395,3.33932209014893,0.037243664264679,-3.29027342796326,0.639999985694885,-0.446287125349045,1,0
1331,"North Yemen 1962-70",678,"YEM",6,0,50000,10.8197784423828,15000,9.61580562591553,100000,11.5129251480103,4129000,15.233546257019,1210.94702148438,1962,1970,9,2.19722461700439,5555.5556640625,8.62255382537842,1,1,0,5.01727962493896,13.862943649292,1,2.42189400978532e-07,-15.2335453033447,7000,7000,8.85366535186768,16.5635604858398,27.2000007629395,3.33932209014893,0.037243664264679,-3.29027342796326,0.639999985694885,-0.446287125349045,1,0
1362,"Guatemala 1965-95",90,"GUA",2,0,46300,10.7428970336914,46300,10.7428970336914,46300,10.7428970336914,4388000,15.2943840026855,1055.150390625,1965,1995,31,3.43398714065552,1493.54833984375,7.30890989303589,1,1,0,7.47929954528809,12.780481338501,9,2.05104834094527e-06,-13.0971593856812,12700,1411.11108398438,7.25213289260864,14.8020572662354,42.0999946594238,3.76352286338806,0.643684148788452,-0.44054713845253,0.373600006103516,-0.984569549560547,1,1
1390,"China (Tibet 1950)",710,"CHN",4,1,5000,8.51719284057617,2000,7.60090255737305,5000,8.51719284057617,567558976,20.1568546295166,0.880965709686279,1950,1950,1,0,5000,8.51719284057617,1,0,0,5.53733444213867,13.6509199142456,2570,4.52816357210395e-06,-12.305193901062,2030000,789.883239746094,6.67188501358032,15.4452629089355,37.4000015258789,3.64805746078491,0.118452370166779,-2.13324427604675,0.550999999046326,-0.596020460128784,1,0
1391,"China (Tibet 1956)",710,"CHN",4,1,4000,8.29404926300049,4000,8.29404926300049,4000,8.29404926300049,614649984,20.2365627288818,0.650776863098145,1956,1956,1,0,4000,8.29404926300049,1,0,0,5.87211799621582,13.4186086654663,3000,4.88082650917931e-06,-12.2301959991455,2575000,858.333312988281,6.75499248504639,15.3837203979492,37.4000015258789,3.64805746078491,0.118452370166779,-2.13324427604675,0.550999999046326,-0.596020460128784,1,0
1392,"China (Tibet) 1959",710,"CHN",4,1,67000,11.1124477386475,67000,11.1124477386475,67000,11.1124477386475,659939968,20.3076591491699,10.1524381637573,1959,1959,1,0,67000,11.1124477386475,1,0,0,6.09807443618774,13.1860885620117,3182,4.82165069115581e-06,-12.2423944473267,5894070,1852.31616210938,7.52419233322144,14.1742496490479,37.4000015258789,3.64805746078491,0.118452370166779,-2.13324427604675,0.550999999046326,-0.596020460128784,1,0
1400,"Indonesia (South Moluccas)",850,"INS",4,1,5000,8.51719284057617,5000,8.51719284057617,5000,8.51719284057617,74800000,18.1303291320801,6.68449211120605,1950,1950,1,0,5000,8.51719284057617,1,0,0,5.70378255844116,13.5484476089478,200,2.6737968710222e-06,-12.8320112228394,256429,1282.14501953125,7.15628957748413,14.9536628723145,10.5,2.44234704971313,0.764058351516724,-0.269111126661301,0.221599996089935,-1.50688135623932,0,1
1431,"Thailand (CPT)",800,"THI",4,0,6604,8.79543113708496,6508,8.78078746795654,6804,8.82526588439941,34676000,17.3615589141846,19.0448722839355,1970,1982,13,2.56494927406311,508,6.23048162460327,1,1,0,7.24494171142578,10.8410720825195,175,5.0467183427827e-06,-12.1967725753784,189611,1083.49145507812,6.98794412612915,15.1667881011963,5.40000009536743,1.85629796981812,0.663652122020721,-0.409997165203094,0.09579998254776,-2.34549283981323,0,1
1451,"Cuba (1957-8)",40,"CUB",2,0,5000,8.51719284057617,5000,8.51719284057617,5000,8.51719284057617,6513000,15.6893110275269,76.7695388793945,1957,1958,2,0.6931471824646,2500,7.82404613494873,1,0,0,7.83478832244873,14.4186811447144,13,1.99600799533073e-06,-13.124361038208,51000,3923.07690429688,8.27463150024414,13.5468425750732,4.44178438186646,1.69410705566406,0.0357236266136169,-3.33194303512573,0.254999995231628,-1.36649179458618,1,1
1460,"Indonesia (Darul Islam)",850,"INS",4,0,1000,6.90775537490845,521,6.25575017929077,1000,6.90775537490845,78081000,18.1732578277588,1.28072130680084,1953,1953,1,0,1000,6.90775537490845,1,0,0,5.96614694595337,13.3313674926758,200,2.56144267041236e-06,-12.8749399185181,333946,1669.72998046875,7.42041730880737,14.4582986831665,10.5,2.44234704971313,0.764058351516724,-0.269111126661301,0.221599996089935,-1.50688135623932,0,1
1461,"Indonesia 1958-61",850,"INS",4,0,33444,10.4176273345947,33444,10.4176273345947,33444,10.4176273345947,86446000,18.2750301361084,38.6877365112305,1958,1961,4,1.3862943649292,8361,9.03133296966553,1,1,0,6.30261898040771,12.8882627487183,265,3.06549759443442e-06,-12.6953010559082,499386,1884.47546386719,7.54140472412109,14.1197566986084,10.5,2.44234704971313,0.764058351516724,-0.269111126661301,0.221599996089935,-1.50688135623932,0,1
1500,"Argentina 1955",160,"ARG",2,0,900,6.80239486694336,900,6.80239486694336,900,6.80239486694336,18574000,16.7372741699219,4.84548282623291,1955,1955,1,0,900,6.80239486694336,1,0,0,8.28702545166016,15.8726062774658,71,3.82254756914335e-06,-12.4745931625366,566133,7973.7041015625,8.98390483856201,17.00412940979,28.399995803833,3.38099455833435,0.307319164276123,-1.17986845970154,0.151199996471405,-1.88915181159973,0,1
1502,"Argentina (ERP, Montoneros 1973-7)",160,"ARG",2,0,2984,8.00102043151855,2984,8.00102043151855,2984,8.00102043151855,24757000,17.0246181488037,12.0531568527222,1973,1977,5,1.60943794250488,596.799987792969,6.39158201217651,1,0,0,8.66733551025391,16.8827819824219,140,5.65496611670824e-06,-12.0829763412476,426829,3048.77856445312,8.02249622344971,-15.4778165817261,28.399995803833,3.38099455833435,0.307319164276123,-1.17986845970154,0.151199996471405,-1.88915181159973,0,1
1540,"India (Nagaland 1956-9)",750,"IND",3,1,1487,7.30451583862305,1487,7.30451583862305,1487,7.30451583862305,397972992,19.8018951416016,0.373643457889557,1956,1959,4,1.3862943649292,371.75,5.91822147369385,1,0,1,6.51025819778442,12.4411811828613,391,9.82478695732425e-07,-13.8331871032715,401830,1027.6982421875,6.93507671356201,15.2227754592896,12.9000005722046,2.63188886642456,0.886478185653687,-0.120498761534691,0.33840000629425,-1.08352661132812,1,1
1621,"Iraq 1959",645,"IRQ",6,0,2000,7.60090255737305,500,6.21460819244385,2000,7.60090255737305,6473000,15.6831502914429,30.897575378418,1959,1959,1,0,2000,7.60090255737305,1,0,0,7.99429512023926,14.9788246154785,64,9.88722422334831e-06,-11.5242671966553,86810,1356.40625,7.2125940322876,14.8677740097046,5.99999952316284,1.94591009616852,0.362471163272858,-1.01481032371521,0.492200016975403,-0.708870112895966,1,1
1625,"Iraq 1991",645,"IRQ",6,0,20000,9.90348720550537,20000,9.90348720550537,50000,10.8197784423828,17373000,16.6704273223877,115.121162414551,1991,1991,1,0,20000,9.90348720550537,0,1,0,8.73921585083008,17.0614032745361,1390,8.00092093413696e-05,-9.43336868286133,8610000,6194.24462890625,8.7313756942749,16.1074352264404,5.99999952316284,1.94591009616852,0.362471163272858,-1.01481032371521,0.492200016975403,-0.708870112895966,1,1
1630,"Lebanon 1958",660,"LEB",6,0,1400,7.24422740936279,1000,6.90775537490845,1400,7.24422740936279,1703000,14.3479022979736,82.2078704833984,1958,1958,1,0,1400,7.24422740936279,1,1,0,7.83597469329834,14.423113822937,9,5.28479176864494e-06,-12.1506776809692,17846,1982.88891601562,7.59230995178223,13.9431304931641,57.1000061035156,4.0621657371521,0.134805142879486,-2.00392484664917,0.753399968147278,-0.283159017562866,1,1
1631,"Lebanon 1975-90",660,"LEB",6,0,130700,11.7806596755981,130700,11.7806596755981,130700,11.7806596755981,2731000,14.8201780319214,4785.79296875,1975,1990,16,2.7725887298584,8168.75,9.00807094573975,1,0,0,8.24012088775635,15.7380380630493,20,7.32332500774646e-06,-11.8244457244873,128877,6443.85009765625,8.77088165283203,16.260160446167,57.1000061035156,4.0621657371521,0.134805142879486,-2.00392484664917,0.753399968147278,-0.283159017562866,1,1
1651,"Laos 1959-61",812,"LAO",4,0,3500,8.16051864624023,3500,8.16051864624023,5000,8.51719284057617,2220000,14.6130180358887,157.657653808594,1959,1961,3,1.0986123085022,1166.66662597656,7.06190586090088,1,1,1,6.1114673614502,13.1695823669434,25,1.12612615339458e-05,-11.3941421508789,63,2.51999998092651,0.924258887767792,16.0433387756348,35.7999992370605,3.60549783706665,0.599656701087952,-0.511397957801819,0.480000019073486,-0.733969151973724,1,1
1652,"Laos 1963-73",812,"LAO",4,0,26000,10.1658515930176,18500,9.82552623748779,26000,10.1658515930176,2450000,14.7115983963013,1061.22448730469,1963,1973,11,2.39789533615112,2363.63647460938,7.76795673370361,1,1,0,6.33859395980835,12.823637008667,60,2.44897964876145e-05,-10.6172542572021,28500,475,6.16331481933594,15.7062606811523,35.7999992370605,3.60549783706665,0.599656701087952,-0.511397957801819,0.480000019073486,-0.733969151973724,1,1
1701,"Ethiopia 1976-1997",530,"ETH",1,0,16000,9.68034362792969,16000,9.68034362792969,16000,9.68034362792969,32954000,17.3106231689453,48.5525283813477,1976,1991,16,2.7725887298584,1000,6.90775537490845,1,0,0,5.72358512878418,13.534686088562,50,1.51726646890893e-06,-13.3986005783081,125120,2502.39990234375,7.82500553131104,12.6066265106201,70.3999862670898,4.26829767227173,0.693593263626099,-0.365869551897049,0.612200021743774,-0.490696221590042,1,1
1721,"Nepal 1997-2002",790,"NEP",3,0,4100,8.31874179840088,4100,8.31874179840088,4100,8.31874179840088,21794680,16.8971767425537,18.8119297027588,1997,2002,6,1.7917594909668,683.333312988281,6.52698278427124,0,0,0,7.09718322753906,7.02654981613159,35,1.60589650022303e-06,-13.3418283462524,39000,1114.28576660156,7.01596879959106,15.1352014541626,73.6999893188477,4.31347990036011,0.699236869812012,-0.357765734195709,0.186200022697449,-1.68093383312225,0,1
1740,"Iraq (Kurds 1961-90)",645,"IRQ",6,1,80550,11.2966337203979,76200,11.2411165237427,85250,11.3533430099487,6847000,15.7393207550049,1176.42761230469,1961,1990,30,3.40119743347168,2685,7.89543581008911,1,1,0,8.13944053649902,15.4391479492188,74,1.0807652870426e-05,-11.4352560043335,118734,1604.51354980469,7.38057613372803,14.5507125854492,5.99999952316284,1.94591009616852,0.362471163272858,-1.01481032371521,0.492200016975403,-0.708870112895966,1,1
1780,"Ethiopia (Eritrea Indep.)",530,"ETH",1,1,200000,12.206072807312,150000,11.9183902740479,350000,12.7656888961792,23083000,16.9546070098877,866.4384765625,1962,1991,30,3.40119743347168,6666.66650390625,8.80487537384033,1,0,0,5.56452035903931,13.6356611251831,27,1.16969192731631e-06,-13.6587705612183,18156,672.444458007812,6.51091957092285,15.5466289520264,70.3999862670898,4.26829767227173,0.693593263626099,-0.365869551897049,0.612200021743774,-0.490696221590042,1,1
1850,"Sudan 1963-72",625,"SUD",6,1,20000,9.90348720550537,10000,9.21034049987793,55000,10.9150886535645,11736000,16.2781715393066,170.415817260742,1963,1972,10,2.30258512496948,2000,7.60090255737305,1,1,0,6.78824853897095,11.3234329223633,18,1.53374230649206e-06,-13.3878002166748,19816,1100.88891601562,7.00387334823608,15.1490039825439,6.50000047683716,2.01490306854248,0.735070288181305,-0.307789146900177,0.444999992847443,-0.809680998325348,1,1
1851,"Sudan 1983-2002",625,"SUD",6,1,55500,10.9241380691528,55500,10.9241380691528,55500,10.9241380691528,20236000,16.8229732513428,274.263702392578,1983,2002,20,2.99573230743408,2775,7.92840623855591,1,1,0,6.76849317550659,11.4406242370605,86,4.24985182689852e-06,-12.3686265945435,313202,3641.8837890625,8.20025634765625,12.7707424163818,6.50000047683716,2.01490306854248,0.735070288181305,-0.307789146900177,0.444999992847443,-0.809680998325348,1,1
1860,"Zaire 1964-5",490,"DRC",1,0,29965,10.3077850341797,29965,10.3077850341797,29965,10.3077850341797,16923000,16.6441841125488,177.066711425781,1964,1965,2,0.6931471824646,14982.5,9.61463832855225,1,0,0,6.32793664932251,12.8432445526123,25,1.4772793974771e-06,-13.4253082275391,20000,800,6.68461179733276,15.4362850189209,4.19999980926514,1.64865863323212,0.901631832122803,-0.103549011051655,0.680000007152557,-0.385662466287613,1,1
1864,"Zaire 1996-7",490,"DRC",1,0,4000,8.29404926300049,900,6.80239486694336,4000,8.29404926300049,43848000,17.5962390899658,9.12242317199707,1996,1997,2,0.6931471824646,2000,7.60090255737305,0,1,0,5.41256237030029,13.7145967483521,40,9.12242285266984e-07,-13.9073600769043,185000,4625,8.43923187255859,14.7255706787109,4.19999980926514,1.64865863323212,0.901631832122803,-0.103549011051655,0.680000007152557,-0.385662466287613,1,1
1865,"DRC 1998-2001",490,"DRC",1,0,145000,11.8844890594482,145000,11.8844890594482,145000,11.8844890594482,46709180,17.6594505310059,310.431488037109,1998,2001,4,1.3862943649292,36250,10.498194694519,0,1,0,5.28161334991455,13.7716598510742,30,6.42272027562285e-07,-14.2582540512085,308000,10266.6669921875,9.23665809631348,17.7686347961426,4.19999980926514,1.64865863323212,0.901631832122803,-0.103549011051655,0.680000007152557,-0.385662466287613,1,1
1902,"Burundi 1995-2002",516,"BUI",1,0,6000,8.69951438903809,6000,8.69951438903809,6000,8.69951438903809,6024750,15.6113862991333,99.5891952514648,1995,2002,8,2.0794415473938,750,6.62007331848145,0,0,0,6.19871473312378,13.0526494979858,17,2.82169389720366e-06,-12.7781734466553,33000,1941.17651367188,7.57104969024658,14.0199060440063,74.4999847412109,4.32413244247437,0.0355106592178345,-3.33792233467102,0.55019998550415,-0.597473442554474,1,1
1910,"Chad 1965-94",483,"CHA",1,0,34799,10.4573440551758,34700,10.4544954299927,34799,10.4573440551758,3287000,15.005485534668,1058.68579101562,1965,1994,30,3.40119743347168,1159.96667480469,7.0561466217041,1,1,0,6.61204099655151,12.1322164535522,2,6.08457582984556e-07,-14.3123388290405,1787,893.5,6.79514646530151,15.3513507843018,8.5,2.25129175186157,0.82627284526825,-0.190830245614052,0.625,-0.470003634691238,1,1
1911,"Chad 1997-2002",483,"CHA",1,0,954,6.86066389083862,954,6.86066389083862,954,6.86066389083862,6937350,15.7524299621582,13.7516489028931,1997,2002,6,1.7917594909668,159,5.06890439987183,0,0,0,5.84191799163818,13.4442024230957,40,5.76589036427322e-06,-12.0635509490967,40000,1000,6.90775537490845,15.2499990463257,8.5,2.25129175186157,0.82627284526825,-0.190830245614052,0.625,-0.470003634691238,1,1
1920,"Columbia 1965-2002",100,"COL",2,0,24779,10.1177520751953,24779,10.1177520751953,24779,10.1177520751953,17906000,16.700647354126,138.3837890625,1965,2002,38,3.63758611679077,652.078918457031,6.48016548156738,1,1,1,7.52886915206909,13.0617542266846,55,3.07159621115716e-06,-12.6933135986328,119111,2165.65454101562,7.6804780960083,13.5669326782227,37.0999984741211,3.64021420478821,0.0601527094841003,-2.81086874008179,0.180000007152557,-1.71479833126068,1,1
1930,"Dominican Republic 1965",42,"DOM",2,0,3280,8.09559917449951,2526,7.83439207077026,4000,8.29404926300049,3727000,15.1311140060425,88.0064392089844,1965,1965,1,0,3280,8.09559917449951,1,1,0,7.31588363647461,11.5921173095703,19,5.09793380842893e-06,-12.1866750717163,37000,1947.36840820312,7.57423400878906,14.0086936950684,16.3999977111816,2.85647010803223,0.0369887948036194,-3.29714035987854,0.0950000286102295,-2.35387802124023,0,1
1941,"Indonesia (West Papau)",850,"INS",4,1,8500,9.04782104492188,3000,8.00636768341064,8500,9.04782104492188,132589000,18.7027645111084,6.41078805923462,1976,1978,3,1.0986123085022,2833.33325195312,7.94920921325684,1,0,0,6.85961484909058,10.8053550720215,260,1.96094697457738e-06,-13.1420831680298,1195180,4596.84619140625,8.43312549591064,14.6895246505737,10.5,2.44234704971313,0.764058351516724,-0.269111126661301,0.221599996089935,-1.50688135623932,0,1
1951,"Peru (Sendero Luminoso)",135,"PER",2,0,30937,10.3397083282471,30937,10.3397083282471,30937,10.3397083282471,16869000,16.6409873962402,183.395584106445,1980,1999,20,2.99573230743408,1546.84997558594,7.34397602081299,1,1,0,7.9366602897644,14.7840633392334,125,7.41004214432905e-06,-11.8126745223999,535442,4283.5361328125,8.36253452301025,14.2372589111328,47.6000022888184,3.8836236000061,0.589686512947083,-0.528164207935333,0.180000007152557,-1.71479833126068,1,1
1960,"Vietnam War",817,"RVN",4,0,2097705,14.5563545227051,2097705,14.5563545227051,2097705,14.5563545227051,23648000,16.9787883758545,8870.5390625,1955,1975,21,3.04452252388,99890.7109375,11.5118322372437,1,1,0,6.28785848617554,12.9135398864746,170,7.18876844985061e-06,-11.8429908752441,379321,2231.30004882812,7.71033954620361,13.412449836731,19.2000007629395,3.00568270683289,0.26371169090271,-1.33289885520935,0.130200028419495,-2.03868341445923,0,0
1990,"India (Mizoram)",750,"IND",3,1,900,6.80239486694336,900,6.80239486694336,900,6.80239486694336,487336992,20.004467010498,0.184677138924599,1966,1968,3,1.0986123085022,300,5.70378255844116,1,0,1,6.62140560150146,12.0994672775269,1220,2.50340121965564e-06,-12.8978605270386,1804170,1478.82788085938,7.29900503158569,14.7175998687744,12.9000005722046,2.63188886642456,0.886478185653687,-0.120498761534691,0.33840000629425,-1.08352661132812,1,1
2021,"Syria (Muslim Brotherhood)",652,"SYR",6,0,15450,9.64536380767822,5450,8.60337066650391,25550,10.1483926773071,8164000,15.9152450561523,189.245468139648,1979,1982,4,1.3862943649292,3862.5,8.25907039642334,1,0,0,8.33278942108154,16.0013694763184,220,2.69475749519188e-05,-10.52161693573,1165095,5295.88623046875,8.57468605041504,15.4347982406616,5.40000009536743,1.85629796981812,0.223094642162323,-1.50015914440155,0.416800022125244,-0.875148713588715,1,1
2031,"Cambodia 1967-75",811,"CAM",4,0,250000,12.4292163848877,185000,12.1281108856201,300000,12.6115379333496,6313000,15.6581211090088,3960.08227539062,1967,1975,9,2.19722461700439,27777.77734375,10.2319917678833,1,1,0,6.61204099655151,12.1322164535522,83,1.31474735098891e-05,-11.2392807006836,54143,652.325317382812,6.48054361343384,15.5634908676147,1,0.6931471824646,0.296923398971558,-1.21428108215332,0.0950000286102295,-2.35387802124023,0,0
2032,"Cambodia 1978-98",811,"CAM",4,0,92125,11.4309015274048,60750,11.0145225524902,215000,12.2783937454224,6780000,15.7294874191284,1358.77575683594,1978,1998,21,3.04452252388,4386.90478515625,8.38637924194336,1,1,0,6.04500532150269,13.2481307983398,70,1.03244838101091e-05,-11.4809923171997,NA,NA,NA,NA,1,0.6931471824646,0.296923398971558,-1.21428108215332,0.0950000286102295,-2.35387802124023,0,0
2070,"Nigeria (Biafra)",475,"NIG",1,1,75000,11.2252435684204,75000,11.2252435684204,75000,11.2252435684204,59954000,17.9090881347656,125.095909118652,1967,1970,4,1.3862943649292,18750,9.83894920349121,1,1,0,6.36647033691406,12.7703886032104,30,5.00383634971513e-07,-14.5078907012939,61327,2044.23327636719,7.62277793884277,13.8245811462402,2.40000033378601,1.22377550601959,0.868931770324707,-0.140490666031837,0.580000042915344,-0.544727087020874,1,1
2111,"Somalia 1981-96",520,"SOM",1,0,66750,11.1087093353271,66750,11.1087093353271,66750,11.1087093353271,5853000,15.582465171814,1140.44079589844,1981,1996,16,2.7725887298584,4171.875,8.33612060546875,1,1,0,6.61204099655151,12.1322164535522,54,9.22603794606403e-06,-11.5934810638428,97893,1812.83337402344,7.50264644622803,14.2391834259033,12.5999994277954,2.6100697517395,0.076742947101593,-2.56729388237,0,NA,0,1
2112,"Guinea 2000-1",438,"GUI",1,0,1100,7.00306558609009,418,6.03548145294189,1500,7.31322050094604,7250500,15.7965812683105,15.1713676452637,2000,2001,2,0.6931471824646,550,6.30991840362549,0,0,0,NA,NA,12,1.65505832683266e-06,-13.311674118042,60000,5000,8.51719284057617,15.1524209976196,3.20000004768372,1.43508505821228,0.749607503414154,-0.288205534219742,0.226199999451637,-1.48633575439453,0,1
2120,"Philippines (Mindanao)",840,"PHI",4,1,71653,11.1795902252197,35353,10.4731388092041,111028,11.6175374984741,36446000,17.4113426208496,196.600448608398,1970,2002,33,3.49650764465332,2171.30297851562,7.68308258056641,1,1,0,7.24494171142578,10.8410720825195,55,1.50908192608767e-06,-13.4040088653564,115394,2098.07275390625,7.64877462387085,13.714409828186,21.2999973297119,3.10458660125732,0.745177149772644,-0.294133305549622,0.299600005149841,-1.20530700683594,1,0
2160,"Pakistan (Bangladesh Indep.)",770,"PAK",3,1,61223,11.0222778320312,61223,11.0222778320312,61223,11.0222778320312,128724000,18.6731815338135,47.561450958252,1971,1971,1,0,61223,11.0222778320312,1,1,0,6.93634271621704,9.96721363067627,390,3.02973808175011e-06,-12.7070341110229,601336,1541.88720703125,7.34076261520386,14.6356086730957,43.0000038146973,3.78418970108032,0.644509017467499,-0.439266473054886,0.366199970245361,-1.00457572937012,1,1
2170,"Sri Lanka (JVP 1971)",780,"SRI",3,0,1630,7.39633512496948,1260,7.13886690139771,2000,7.60090255737305,12516000,16.3425178527832,13.0233297348022,1971,1971,1,0,1630,7.39633512496948,1,0,1,7.12528324127197,8.4390230178833,10,7.98977282556734e-07,-14.0399332046509,19411,1941.09997558594,7.57101011276245,14.0200443267822,7.30000019073486,2.11625552177429,0.467041432857513,-0.761337280273438,0.476199984550476,-0.741917371749878,1,1
2171,"Sri Lanka (JVP 1989-90)",780,"SRI",3,0,2800,7.93737459182739,2800,7.93737459182739,2800,7.93737459182739,16587000,16.6241302490234,16.8806896209717,1989,1990,2,0.6931471824646,1400,7.24422740936279,0,1,0,7.61480522155762,13.4975185394287,22,1.32633988414455e-06,-13.5330877304077,321000,14590.9091796875,9.58815383911133,18.7075176239014,7.30000019073486,2.11625552177429,0.467041432857513,-0.761337280273438,0.476199984550476,-0.741917371749878,1,1
2183,"Uganda 1978-9",500,"UGA",1,0,3847,8.25504875183105,3847,8.25504875183105,3847,8.25504875183105,11862000,16.2888507843018,32.4312934875488,1978,1979,2,0.6931471824646,1923.5,7.56190156936646,1,1,0,6.40025758743286,12.7017707824707,23,1.93896471500921e-06,-13.153356552124,135864,5907.13037109375,8.68391513824463,15.9160003662109,9.39999866485596,2.34180569648743,0.899465322494507,-0.10595478117466,0.724200010299683,-0.322687655687332,1,0
2184,"Uganda 1981-91",500,"UGA",1,0,107950,11.5894231796265,107950,11.5894231796265,107950,11.5894231796265,12807000,16.3655033111572,842.8984375,1981,1991,11,2.39789533615112,9813.63671875,9.1915283203125,1,1,0,6.28039598464966,12.9260587692261,6,4.68493794869573e-07,-14.5737428665161,250090,41681.66796875,10.6378164291382,21.1237182617188,9.39999866485596,2.34180569648743,0.899465322494507,-0.10595478117466,0.724200010299683,-0.322687655687332,1,0
2185,"Uganda 1994-2002",500,"UGA",1,0,4500,8.41183280944824,4500,8.41183280944824,4500,8.41183280944824,18030200,16.7075595855713,24.9581260681152,1994,2002,9,2.19722461700439,500,6.21460819244385,0,0,0,6.35237884521484,12.7976684570312,70,3.88237504012068e-06,-12.4590635299683,79500,1135.71423339844,7.0350170135498,15.1129236221313,9.39999866485596,2.34180569648743,0.899465322494507,-0.10595478117466,0.724200010299683,-0.322687655687332,1,0
2190,"Great Britain (N. Ireland)",200,"UKG",5,1,3271,8.09285068511963,3271,8.09285068511963,3271,8.09285068511963,55632000,17.8342685699463,5.87970972061157,1971,1993,23,3.13549423217773,142.217391967773,4.95735692977905,1,0,1,9.05216503143311,17.8081741333008,390,7.01035378369852e-06,-11.8681221008301,5866538,15042.4052734375,9.61862850189209,18.7842617034912,0.800000011920929,0.587786674499512,0.325454533100128,-1.12253248691559,0.61379998922348,-0.48808616399765,1,1
2201,"El Salvador 1979-91",92,"SAL",2,0,55000,10.9150886535645,55000,10.9150886535645,55000,10.9150886535645,4374000,15.2911882400513,1257.43029785156,1979,1991,13,2.56494927406311,4230.76904296875,8.35013866424561,1,1,0,7.75362348556519,14.1037111282349,11,2.51486062552431e-06,-12.8932933807373,58800,5345.45458984375,8.5840015411377,15.4784355163574,10.3000001907349,2.42480278015137,0.165918707847595,-1.79625737667084,0.240800023078918,-1.42378842830658,1,1
2210,"Oman (Dhofar Rebellion)",698,"OMA",6,0,2000,7.60090255737305,500,6.21460819244385,2000,7.60090255737305,672000,13.4180135726929,297.619049072266,1972,1975,4,1.3862943649292,500,6.21460819244385,1,1,0,8.67999172210693,16.9144611358643,4,5.9523808886297e-06,-12.0317192077637,38517,9629.25,9.1725606918335,17.5837230682373,2.80000019073486,1.33500111103058,0.237020015716553,-1.43961071968079,0.375,-0.980829238891602,1,1
2220,"Rhodesia (ZANU, ZAPU)",552,"ZIM",1,0,27000,10.203592300415,27000,10.203592300415,27000,10.203592300415,5416000,15.5048685073853,498.522888183594,1972,1979,8,2.0794415473938,3375,8.12415027618408,1,1,0,7.06304836273193,3.89175057411194,11,2.03101922124915e-06,-13.106972694397,49636,4512.36376953125,8.41457653045654,14.5772876739502,2.90000009536743,1.36097657680511,0.543950438499451,-0.608897149562836,0.509799957275391,-0.673736870288849,1,1
2250,"Chile 1973",155,"CHL",2,0,2095,7.64730882644653,2095,7.64730882644653,2095,7.64730882644653,9853000,16.1032867431641,21.2625598907471,1973,1973,1,0,2095,7.64730882644653,1,0,1,8.25634765625,15.7849035263062,75,7.61189494369319e-06,-11.7857980728149,300000,4000,8.29404926300049,13.7154932022095,57.5999870300293,4.07073450088501,0.140437066555023,-1.96299576759338,0.195800006389618,-1.63066148757935,1,1
2260,"Bangladesh (Shanti Bahini)",771,"BNG",3,1,1227,7.11232757568359,1227,7.11232757568359,1227,7.11232757568359,72425000,18.0980625152588,1.69416642189026,1974,1992,19,2.94443893432617,64.5789489746094,4.16788864135742,1,0,1,6.62804126739502,12.0757417678833,86,1.1874352594532e-06,-13.6437149047852,41204,479.116271972656,6.17194318771362,15.7030601501465,0,0,0.0049750804901123,-5.30331373214722,0.21340000629425,-1.54458689689636,1,1
2270,"Cyprus 1974",352,"CYP",5,1,5800,8.66561317443848,5000,8.51719284057617,5800,8.66561317443848,611000,13.3228521347046,949.263488769531,1974,1974,1,0,5800,8.66561317443848,1,1,1,8.45382690429688,16.3312950134277,11,1.80032729986124e-05,-10.9249572753906,11159,1014.45452880859,6.92210626602173,15.2358379364014,9,2.30258512496948,0.348582923412323,-1.05387914180756,0.357599973678589,-1.02834033966064,1,1
2290,"Pakistan (Baluchi Rebellion)",770,"PAk",3,1,8800,9.08250713348389,8600,9.0595178604126,9000,9.10497951507568,66706000,18.0158061981201,13.1922168731689,1974,1977,4,1.3862943649292,2200,7.69621276855469,1,1,1,6.81014251708984,11.1819734573364,466,6.98587837177911e-06,-11.8716201782227,469782,1008.11590576172,6.91583824157715,15.2420597076416,43.0000038146973,3.78418970108032,0.644509017467499,-0.439266473054886,0.366199970245361,-1.00457572937012,1,1
2310,"Angola (UNITA 1975-95)",540,"ANG",1,0,144000,11.8775682449341,144000,11.8775682449341,144000,11.8775682449341,6687000,15.7156763076782,2153.43212890625,1975,1995,21,3.04452252388,6857.14306640625,8.83304595947266,1,1,0,6.59441328048706,12.1916494369507,30,4.48631681138068e-06,-12.3144788742065,146004,4866.7998046875,8.49019145965576,15.01100730896,9.70000076293945,2.3702437877655,0.783281743526459,-0.244262829422951,0.612200021743774,-0.490696221590042,1,1
2312,"Angola (UNITA 1998-2002)",540,"ANG",1,0,16725,9.72465991973877,14475,9.58017826080322,18975,9.85087776184082,11658890,16.2715797424316,143.452758789062,1998,2002,5,1.60943794250488,3345,8.11522197723389,0,0,0,6.2344970703125,12.9994411468506,95,8.14828854345251e-06,-11.7177028656006,764000,8042.10546875,8.99244594573975,17.0317153930664,9.70000076293945,2.3702437877655,0.783281743526459,-0.244262829422951,0.612200021743774,-0.490696221590042,1,1
2330,"Ethiopia (Ogaden)",530,"ETH",1,1,38000,10.5453414916992,30250,10.3172512054443,46000,10.7363967895508,32074000,17.2835559844971,118.476020812988,1975,1983,9,2.19722461700439,4222.22216796875,8.34811687469482,1,1,0,5.70378255844116,13.5484476089478,45,1.40300551265682e-06,-13.4768934249878,74879,1663.97778320312,7.41696643829346,14.4666233062744,70.3999862670898,4.26829767227173,0.693593263626099,-0.365869551897049,0.612200021743774,-0.490696221590042,1,1
2340,"Indonesia (East Timor)",850,"INS",4,1,33525,10.4200468063354,17425,9.76566123962402,60875,11.0165777206421,129499000,18.6791839599609,25.8882312774658,1975,1998,24,3.178053855896,1396.875,7.24199295043945,1,1,0,6.79346609115601,11.2908945083618,270,2.08495816877985e-06,-13.0807619094849,700000,2592.59252929688,7.86041355133057,12.2458028793335,10.5,2.44234704971313,0.764058351516724,-0.269111126661301,0.221599996089935,-1.50688135623932,0,1
2350,"Morocco (Western Sahara)",600,"MOR",1,1,13000,9.47270488739014,13000,9.47270488739014,13000,9.47270488739014,16908000,16.6432971954346,76.8866806030273,1975,1989,15,2.70805025100708,866.666687011719,6.76465463638306,1,1,0,7.26752519607544,11.1059160232544,65,3.84433405997697e-06,-12.4689102172852,421887,6490.5693359375,8.77810573577881,16.2874946594238,46.2000045776367,3.85439395904541,0.534009218215942,-0.627342164516449,0.0198000073432922,-3.92207288742065,0,1
2360,"Mozambique 1976-1992",541,"MZM",1,0,174599,12.0702476501465,174599,12.0702476501465,174599,12.0702476501465,10606000,16.1769313812256,1646.228515625,1976,1992,17,2.83321332931519,10270.529296875,9.23703384399414,1,1,0,7.07496309280396,3.89178538322449,20,1.88572505521734e-06,-13.1811981201172,18018,900.900024414062,6.80339431762695,15.3444719314575,2.40000033378601,1.22377550601959,0.654930055141449,-0.423226833343506,0.620000004768372,-0.478035807609558,1,1
2370,"Afghanistan 1978-2000",700,"AFG",3,0,556000,13.2285232543945,556000,13.2285232543945,556000,13.2285232543945,15957000,16.5854072570801,3484.3642578125,1978,2000,23,3.13549423217773,24173.912109375,10.0930290222168,1,1,0,6.8855094909668,10.5664091110229,143,8.96158417162951e-06,-11.6225633621216,52289,365.657348632812,5.90169668197632,15.7894725799561,65.6000061035156,4.19870471954346,0.658280968666077,-0.418123424053192,0.271799981594086,-1.30268883705139,1,1
2371,"Afghanistan (Civil War & US Invasion 2001-02)",700,"AFG",3,0,4000,8.29404926300049,1605,7.38087892532349,5500,8.61250305175781,26550000,17.094539642334,15.0659132003784,2001,2002,2,0.6931471824646,2000,7.60090255737305,0,1,0,NA,NA,400,1.50659134305897e-05,-11.1030759811401,250000,625,6.43775177001953,15.5861663818359,65.6000137329102,4.19870519638062,0.658281028270721,-0.418123334646225,0.271800011396408,-1.3026887178421,1,1
2400,"Nicaragua 1978-9",93,"NIC",2,0,10000,9.21034049987793,10000,9.21034049987793,25000,10.1266307830811,2573000,14.7605829238892,388.6513671875,1978,1979,2,0.6931471824646,5000,8.51719284057617,1,1,0,7.92334842681885,14.7379417419434,6,2.33190826293139e-06,-12.9688234329224,41275,6879.16650390625,8.83625316619873,16.5014419555664,9.30000114440918,2.33214402198792,0.179328680038452,-1.71853494644165,0.254999995231628,-1.36649179458618,1,1
2401,"Nicaragua 1981-9",93,"NIC",2,0,32114,10.3770475387573,32114,10.3770475387573,32114,10.3770475387573,2802000,14.8458442687988,1146.10986328125,1981,1989,9,2.19722461700439,3568.22216796875,8.17982292175293,1,1,0,7.52456140518188,13.0382957458496,24,8.56531005410943e-06,-11.6677904129028,62000,2583.33325195312,7.85683584213257,12.2859907150269,9.30000114440918,2.33214402198792,0.179328680038452,-1.71853494644165,0.254999995231628,-1.36649179458618,1,1
2471,"Liberia 1989-96",450,"LBR",1,0,23349,10.0583095550537,23199,10.0518646240234,23499,10.0647134780884,2340000,14.6656618118286,997.820495605469,1989,1996,8,2.0794415473938,2918.625,7.97886800765991,0,1,0,6.7696418762207,11.4340553283691,7,2.99145290227898e-06,-12.7197513580322,28070,4010,8.29654693603516,13.7364082336426,0.600000023841858,0.470003634691238,0.82991224527359,-0.1864353120327,0.639999985694885,-0.446287125349045,1,1
2510,"South Africa 1981-8",560,"SAF",1,0,3850,8.25582885742188,3850,8.25582885742188,3850,8.25582885742188,29529000,17.2008838653564,13.0380306243896,1981,1988,8,2.0794415473938,481.25,6.17638683319092,1,1,0,8.15937519073486,15.4995079040527,70,2.37055087382032e-06,-12.9523878097534,2858612,40837.3125,10.6173515319824,21.0795211791992,7.69999933242798,2.16332292556763,0.877227067947388,-0.130989402532578,0.458400011062622,-0.780013084411621,1,1
2570,"India (Sikh Insurgency)",750,"IND",3,1,18875,9.84559345245361,18875,9.84559345245361,18875,9.84559345245361,718425984,20.3925724029541,2.6272714138031,1983,1993,11,2.39789533615112,1715.90905761719,7.44769811630249,1,0,1,6.84161567687988,10.9529256820679,1120,1.55896361775376e-06,-13.3714895248413,5278087,4712.57763671875,8.4579906463623,14.8337173461914,12.9000005722046,2.63188886642456,0.886478185653687,-0.120498761534691,0.33840000629425,-1.08352661132812,1,1
2580,"Sri Lanka (LTTE)",780,"SRI",3,1,57450,10.9586706161499,57450,10.9586706161499,57450,10.9586706161499,15189000,16.5360813140869,378.234252929688,1983,2001,19,2.94443893432617,3023.68432617188,8.01423168182373,1,1,1,7.49108743667603,12.8497371673584,18,1.18506818580499e-06,-13.6457099914551,67112,3728.4443359375,8.22374629974365,13.0432014465332,7.30000019073486,2.11625552177429,0.467041432857513,-0.761337280273438,0.476199984550476,-0.741917371749878,1,1
2600,"Turkey (Kurds 1984-2002)",640,"TUR",6,1,35520,10.4778509140015,35520,10.4778509140015,35520,10.4778509140015,47877000,17.6841449737549,74.1901092529297,1984,2002,19,2.94443893432617,1869.4736328125,7.53341197967529,1,1,1,7.97556447982788,14.91637134552,824,1.72107684193179e-05,-10.9699754714966,2469087,2996.46484375,8.00518894195557,7.91453409194946,71.3000030517578,4.28082418441772,0.25491327047348,-1.36683189868927,0.211199998855591,-1.55494976043701,1,1
2650,"South Yemen 1986",680,"YPR",6,0,13000,9.47270488739014,10000,9.21034049987793,13000,9.47270488739014,2164000,14.5874691009521,600.739379882812,1986,1986,1,0,13000,9.47270488739014,1,0,0,7.92660236358643,14.7492570877075,27,1.24768948808196e-05,-11.2916316986084,193000,7148.14794921875,8.87460899353027,16.6371765136719,27.2000007629395,3.33932209014893,0.172264218330383,-1.75872588157654,0.0950000286102295,-2.35387802124023,0,0
2700,"India (Kashmir)",750,"IND",3,1,24310,10.0986433029175,20260,9.91640377044678,28910,10.2719430923462,815590016,20.5194225311279,2.98066425323486,1989,2002,14,2.63905739784241,1736.42858886719,7.45958566665649,0,1,1,7.09340476989746,6.73460006713867,1360,1.66750442076591e-06,-13.3041820526123,9590000,7051.470703125,8.86099147796631,16.5894451141357,12.9000005722046,2.63188886642456,0.886478185653687,-0.120498761534691,0.33840000629425,-1.08352661132812,1,1
2710,"India (Assam)",750,"IND",3,1,3172,8.06211757659912,2972,7.99699020385742,3572,8.18088054656982,815590016,20.5194225311279,0.388920903205872,1989,2002,14,2.63905739784241,226.571426391602,5.42306041717529,0,0,1,7.09340476989746,6.73460006713867,1360,1.66750442076591e-06,-13.3041820526123,9590000,7051.470703125,8.86099147796631,16.5894451141357,12.9000005722046,2.63188886642456,0.886478185653687,-0.120498761534691,0.33840000629425,-1.08352661132812,1,1
2720,"Indonesia (Aceh 1989-91)",850,"INS",4,1,1750,7.46737098693848,1750,7.46737098693848,1750,7.46737098693848,171994000,18.9629707336426,1.01747739315033,1989,1991,3,1.0986123085022,583.333312988281,6.36875867843628,0,0,0,7.45529842376709,12.6343288421631,284,1.65122037287802e-06,-13.3139963150024,1402000,4936.61962890625,8.50443649291992,15.0863780975342,10.5,2.44234704971313,0.764058351516724,-0.269111126661301,0.221599996089935,-1.50688135623932,0,1
2721,"Indonesia (Aceh 1999-2001)",850,"INS",4,1,980,6.8875527381897,980,6.8875527381897,980,6.8875527381897,203678368,19.1320533752441,0.48115074634552,1999,2002,4,1.3862943649292,245,5.5012583732605,0,0,0,7.75562620162964,14.1117830276489,280,1.37471647576604e-06,-13.4972629547119,967000,3453.57153320312,8.1471643447876,12.0067491531372,10.5,2.44234704971313,0.764058351516724,-0.269111126661301,0.221599996089935,-1.50688135623932,0,1
2770,"Romania 1989",360,"RUM",5,0,909,6.81234502792358,909,6.81234502792358,909,6.81234502792358,23054000,16.9533500671387,3.94291663169861,1989,1989,1,0,909,6.81234502792358,0,0,0,7.64444065093994,13.6356601715088,220,9.54281222220743e-06,-11.5597219467163,809000,3677.27270507812,8.20992660522461,12.8866519927979,17,2.89037179946899,0.252163052558899,-1.37767934799194,0.470399975776672,-0.754171907901764,1,1
2803,"Rwanda 1990-4",517,"RWA",1,0,5500,8.61250305175781,5500,8.61250305175781,5500,8.61250305175781,6715000,15.7198543548584,81.9061813354492,1990,1994,5,1.60943794250488,1100,7.00306558609009,0,1,0,6.59304475784302,12.1961479187012,6,8.93521985290135e-07,-13.9280948638916,37000,6166.66650390625,8.72691345214844,16.089822769165,73.3999938964844,4.30945587158203,0.129210829734802,-2.04630994796753,0.5067999958992,-0.679638862609863,1,1
2810,"Rwanda 1998-2002",517,"RWA",1,0,3958,8.2834939956665,10859,9.29274940490723,3558,8.17695426940918,7895180,15.881763458252,50.1318511962891,1998,2002,5,1.60943794250488,791.599975585938,6.67405605316162,0,0,0,6.34375667572021,12.8139925003052,40,5.06638207298238e-06,-12.1928834915161,103000,2575,7.85360479354858,12.3214817047119,73.3999938964844,4.30945587158203,0.129210829734802,-2.04630994796753,0.5067999958992,-0.679638862609863,1,1
2891,"Sierra Leone 1991-2000",451,"SIE",1,0,12997,9.47247409820557,12997,9.47247409820557,12997,9.47247409820557,4136000,15.235239982605,314.240814208984,1991,2000,10,2.30258512496948,1299.69995117188,7.16988849639893,0,1,0,6.80350542068481,11.2262554168701,5,1.20889751542563e-06,-13.6258020401001,4239,847.799987792969,6.74264478683472,15.3933153152466,1.70000004768372,0.993251800537109,0.76884651184082,-0.26286393404007,0.539999961853027,-0.616186201572418,1,1
2920,"Yugoslavia (Croatia)",345,"YUG",5,1,9050,9.110520362854,9050,9.110520362854,9050,9.110520362854,23809000,16.98557472229,38.0108375549316,1991,1991,1,0,9050,9.110520362854,0,0,0,8.42244243621826,16.2471141815186,180,7.56016652303515e-06,-11.7926177978516,3520000,19555.5546875,9.88101482391357,19.4230518341064,13.4000005722046,2.66722822189331,0.423846006393433,-0.85838508605957,0.641799986362457,-0.443478584289551,1,1
2930,"Algeria 1991-2002",615,"ALG",6,0,90200,11.4097843170166,43400,10.6782150268555,90200,11.4097843170166,25003000,17.0345058441162,360.756713867188,1991,2002,12,2.4849066734314,7516.66650390625,8.92487812042236,0,0,0,7.92912626266479,14.7580156326294,126,5.03939509144402e-06,-12.198224067688,904000,7174.60302734375,8.87830257415771,16.6500415802002,15.6999998092651,2.81540870666504,0.435273408889771,-0.831780910491943,0.0198000073432922,-3.92207288742065,0,1
2950,"Azerbaijan (Republic of Nagorno-Karabakh)",373,"AZE",3,1,20000,9.90348720550537,10600,9.26860904693604,20000,9.90348720550537,7242000,15.7954082489014,276.166809082031,1991,1994,4,1.3862943649292,5000,8.51719284057617,0,1,0,8.06914710998535,15.2210874557495,43,5.93758613831596e-06,-12.0342082977295,189860,4415.3486328125,8.39284229278564,14.4401178359985,25.6000003814697,3.2809112071991,0.303524136543274,-1.19229412078857,0.133400022983551,-2.01440286636353,0,0
2960,"Bosnia 1992-5",346,"BOS",5,1,55000,10.9150886535645,55000,10.9150886535645,55000,10.9150886535645,3837707,15.1603860855103,1433.1474609375,1992,1995,4,1.3862943649292,13750,9.52879428863525,0,0,0,NA,NA,60,1.56343357957667e-05,-11.0660409927368,850000,14166.6669921875,9.55864715576172,18.6326217651367,60.5,4.11903715133667,0.697153210639954,-0.360750079154968,0.709800004959106,-0.342772036790848,1,1
2970,"Croatia 1992-5",344,"CRO",5,1,950,6.85646200180054,950,6.85646200180054,950,6.85646200180054,4782300,15.3804321289062,19.864917755127,1992,1995,4,1.3862943649292,237.5,5.47016763687134,0,0,0,NA,NA,103,2.15377531276317e-05,-10.7457027435303,561000,5446.60205078125,8.60274696350098,15.5646333694458,3.60925126075745,1.52806544303894,0.334221005439758,-1.09595286846161,0.382799983024597,-0.960242688655853,1,1
2980,"Egypt 1992-8",651,"EGY",6,0,1347,7.20563507080078,1347,7.20563507080078,1347,7.20563507080078,53602000,17.7970962524414,2.51296591758728,1992,1998,7,1.94591009616852,192.428573608398,5.25972509384155,0,0,0,7.55642795562744,13.2078876495361,434,8.09671291790437e-06,-11.7240524291992,1650000,3801.84326171875,8.24324131011963,13.2483015060425,1,0.6931471824646,0.0440084934234619,-3.12337255477905,0.112800002098083,-2.18213891983032,0,1
2990,"Georgia (Abkhazia)",372,"GRG",3,1,3000,8.00636768341064,3000,8.00636768341064,3000,8.00636768341064,5460000,15.5129594802856,54.9450531005859,1992,1993,2,0.6931471824646,1500,7.31322050094604,0,1,0,8.25019264221191,15.7671661376953,25,4.57875466963742e-06,-12.2940835952759,850000,34000,10.4341154098511,20.6803359985352,60.7999954223633,4.12390327453613,0.495510041713715,-0.702167630195618,0.545400023460388,-0.60623574256897,1,1
3000,"Georgia (South Ossetia)",372,"GRG",3,1,950,6.85646200180054,950,6.85646200180054,950,6.85646200180054,5460000,15.5129594802856,17.3992671966553,1992,1992,1,0,950,6.85646200180054,0,1,0,8.25019264221191,15.7671661376953,25,4.57875466963742e-06,-12.2940835952759,850000,34000,10.4341154098511,20.6803359985352,60.7999954223633,4.12390327453613,0.495510041713715,-0.702167630195618,0.545400023460388,-0.60623574256897,1,1
3021,"Tajikistan 1992-6",702,"TAJ",3,0,41300,10.6286182403564,51300,10.8454456329346,31300,10.3513736724854,5464000,15.5136919021606,755.856506347656,1992,1996,5,1.60943794250488,8260,9.01918029785156,0,1,0,7.72973728179932,14.0061388015747,3,5.4904830903979e-07,-14.4150791168213,202800,67600,11.1213636398315,22.1504287719727,81,4.40671920776367,0.551569521427155,-0.594987392425537,0.334999978542328,-1.09362483024597,1,1
3090,"Russia (Chechnya I)",365,"RUS",5,1,45500,10.7254676818848,45500,10.7254676818848,45500,10.7254676818848,148520000,18.8162307739258,30.6356048583984,1994,1996,3,1.0986123085022,15166.6669921875,9.62685489654541,0,0,0,8.61895275115967,16.7607231140137,1500,1.00996494438732e-05,-11.5030097961426,29120000,19413.333984375,9.8737154006958,19.4057464599609,14.1999988555908,2.72129535675049,0.333092987537384,-1.09933364391327,0.445599973201752,-0.8083336353302,1,0
3091,"Russia (Chechnya II)",365,"RUS",5,1,46600,10.7493562698364,32500,10.3889951705933,68600,11.1360473632812,146919008,18.8053913116455,31.7181568145752,1999,2002,4,1.3862943649292,11650,9.36306190490723,0,0,0,8.37808132171631,16.126537322998,1000,6.80647144690738e-06,-11.8976364135742,57107000,57107,10.9526815414429,21.79563331604,14.1999988555908,2.72129535675049,0.333092987537384,-1.09933364391327,0.445599973201752,-0.8083336353302,1,0
3100,"Yemen 1994",679,"YEM",6,1,5500,8.61250305175781,4000,8.29404926300049,7000,8.85366535186768,14312000,16.4766082763672,38.4292907714844,1994,1994,1,0,5500,8.61250305175781,0,0,0,NA,NA,64,4.47177171736257e-06,-12.3177261352539,490000,7656.25,8.94327735900879,16.8708686828613,27.2000026702881,3.33932209014893,0.0599999986588955,-2.81341075897217,0.612200021743774,-0.490696221590042,1,0
3120,"Pakistan (MQM 1995-6)",770,"PAK",3,0,2500,7.82404613494873,2500,7.82404613494873,2500,7.82404613494873,119401848,18.5980052947998,2.09377002716064,1995,1996,2,0.6931471824646,1250,7.13089895248413,0,0,1,7.27386474609375,11.1753435134888,580,4.85754617329803e-06,-12.2349767684937,3585000,6181.03466796875,8.72924137115479,16.0990180969238,43.0000038146973,3.78418970108032,0.644509017467499,-0.439266473054886,0.366199970245361,-1.00457572937012,1,1
3171,"Congo-Brazaville 1997",484,"CON",1,0,7000,8.85366535186768,7000,8.85366535186768,10000,9.21034049987793,2633720,14.7839078903198,265.783752441406,1997,1997,1,0,7000,8.85366535186768,0,1,0,7.52939939498901,13.0646305084229,10,3.79691073248978e-06,-12.4813232421875,56000,5600,8.63052177429199,15.6886548995972,0,0,0.657212376594543,-0.419748067855835,0.519199967384338,-0.655466198921204,1,1
3172,"Congo-Brazaville 1998-2002",484,"CON",1,0,2999,8.0060338973999,2999,8.0060338973999,3047,8.02191257476807,2707600,14.8115730285645,110.762298583984,1998,2002,5,1.60943794250488,599.799987792969,6.39659643173218,0,1,0,7.49571561813354,12.8765029907227,10,3.69330768990039e-06,-12.5089883804321,74000,7400,8.90923500061035,16.7564239501953,0,0,0.657212376594543,-0.419748067855835,0.519199967384338,-0.655466198921204,1,1
3190,"Guinea-Bissau 1998-9",404,"GNB",1,0,2350,7.76217079162598,1700,7.43838357925415,3999,8.29379940032959,1137060,13.9439563751221,206.673355102539,1998,1999,2,0.6931471824646,1175,7.06902360916138,0,1,0,6.52883338928223,12.3904466629028,7,6.15622730038012e-06,-11.998046875,8000,1142.85717773438,7.04128646850586,15.1054420471191,0,0,0.803756952285767,-0.218458354473114,0.544999957084656,-0.6069695353508,1,1
3211,"Yugoslavia (Kosovo)",345,"YUG",5,1,4500,8.41183280944824,2000,7.60090255737305,5000,8.51719284057617,10614000,16.1776847839355,42.3968353271484,1998,1999,2,0.6931471824646,2250,7.71868562698364,0,1,0,NA,NA,115,1.08347467175918e-05,-11.4327526092529,1489000,12947.826171875,9.46868324279785,18.4003868103027,13.4000005722046,2.66722822189331,0.423846006393433,-0.85838508605957,0.641799986362457,-0.443478584289551,1,1
