Webmapper code,Webmapper numeric code,ccode,country name,start year,end year,1946,1947,1948,1949,1950,1951,1952,1953,1954,1955,1956,1957,1958,1959,1960,1961,1962,1963,1964,1965,1966,1967,1968,1969,1970,1971,1972,1973,1974,1975,1976,1977,1978,1979,1980,1981,1982,1983,1984,1985,1986,1987,1988,1989,1990,1991,1992,1993,1994,1995,1996,1997,1998,1999,2000,2001,2002,2003,2004,2005,2006,2007,2008,2009,2010
cshapes/1475,1475,368,Iraq,1946,2012,,,,,1364,1445,1557,2129,2463,2298,2389,2300,2493,2523,2735,2961,3017,2872,3115,3288,3349,3164,3604,3604,3473,3567,3323,3753,3825,4315,5023,4992,5693,6756,6377,5041,4833,4269,4136,3932,3759,3797,2908,2571,2458.436037,946.6573109,1196.324266,1161.028874,1070.393699,944.6291378,1031.587948,962.492816,1074.614505,1132.496354,1221.391015,1293.940279,1345.87152,1023.430557,1516.237204,1464.875081,1514.474302,1497.031702,1597.501671,1602.609169,1609.747966
cshapes/1572,1572,608,Philippines,1946,2012,646,875,993,1025,1070,1151,1186,1254,1308,1358,1410,1442,1448,1501,1476,1512,1537,1595,1600,1633,1654,1690,1722,1750,1764,1808,1853,1964,1979,2033,2152,2211,2262,2323,2376,2396,2421,2407,2176,1967,1983,2019,2105,2184,2197.419114,2135.957591,2098.905877,2098.963841,2143.929449,2193.168408,2267.179806,2330.875135,2267.248045,2286.890956,2335.620068,2349.037515,2381.905593,2447.976403,2556.815429,2625.235651,2708.043098,2829.254333,2888.333725,2864.4015,3023.656514
cshapes/1524,1524,426,Lesotho,1966,2012,,,,,355,370,375,384,399,405,413,422,430,435,458,457,517,560,593,593,577,626,610,605,604,535,624,769,797,715,814,936,1054,962,1005,990,1001,892,944,953,948,972,1070,1159,1181.111511,1201.039554,1228.319951,1246.185671,1215.409928,1341.445212,1441.789922,1485.042806,1419.213267,1434.104039,1468.932605,1504.490691,1562.291488,1597.678313,1659.691358,1668.011431,1799.813091,1888.23778,1951.902565,,
cshapes/1647,1647,834,Tanzania,1996,2012,,,,,424,466,464,437,461,460,454,452,444,453,459,441,468,483,494,497,544,549,561,554,568,574,593,593,588,600,625,623,623,613,601,577,568,549,546,529,530,539,544,546,549.3712293,545.3887252,533.171275,522.2035655,510.6985863,512.4695416,524.7479554,530.6892562,534.7550371,537.7439282,547.1724563,563.0740175,585.6604435,607.3705391,636.0713366,663.3631149,687.8270407,715.8546454,747.476985,771.7589683,803.8524306
cshapes/1464,1464,466,Mali,1960,2012,,,,,457,464,472,480,488,496,504,512,521,530,534,527,519,543,557,553,564,571,579,564,586,593,609,581,554,616,684,720,691,844,733,697,646,663,680,683,714,714,700,756,747.0966513,797.2222558,751.5175026,762.4234604,770.9934484,776.1178673,818.1880389,839.2733427,854.5210399,877.5704072,824.3050332,895.149344,906.3437404,946.6407841,939.3619043,967.3021875,987.7306,999.477065,1017.907741,1031.316588,1058.509202
cshapes/1482,1482,752,Sweden,1946,2012,5645.518038,6091.26166,6161.899533,6353.205402,6739.226206,6948.845087,6996.113504,7144.570283,7402.103559,7565.553489,7797.06202,8092.425107,8082.85442,8287.930166,8687.503342,9136.968085,9468.775747,9916.850005,10515.37914,10815.18261,10935.60286,11219.21522,11561.2306,12055.19062,12716.34257,12748.43085,13001.75197,13493.56071,13884.58635,14183.33929,14281.63132,14003.62352,14207.36172,14721.01783,14936.58,14916.54939,15057.54775,15314.50841,15908.31178,16188.54666,16505.22956,16948.84461,17232.27548,17524.05504,17608.90241,17276.29206,16969.00286,16524.27793,17066.26515,17645.71762,17901.2891,18374.99354,19136.77005,20012.53004,20871.2466,21096.05343,21585.52542,22049.97821,22942.61217,23627.36773,24602.14715,25376.7419,25181.20391,23877.51514,25306.37113
cshapes/1521,1521,438,Liechtenstein,1990,2012,,,,,,,,,,,,,,,,,,,,,,,,,,,,,,,,,,,,,,,,,,,,,,,,,,,,,,,,,,,,,,,,,
cshapes/1442,1442,470,Malta,1964,2012,,,,,,,,,,,,,,,,,,,,,,,,,,,,,,,,,,,,,,,,,,,,,,,,,,,,,,,,,,,,,,,,,
cshapes/1514,1514,616,Poland,1946,2012,,,,,2447,2510,2521,2618,2715,2794,2864,2962,3057,3096,3215,3426,3341,3502,3622,3787,3991,4103,4317,4241,4428,4707,5010,5340,5601,5808,5895,5949,6111,5942,5740,5385,5288,5498,5650,5660,5797,5683,5789,5684,5113.40548,4738.038523,4842.32787,5010.675696,5264.856557,5623.226713,5969.539351,6388.403455,6704.256873,7008.154548,7308.839204,7398.946373,7509.181903,7804.247096,8226.141997,8528.652953,9064.736446,9684.485324,10185.60338,10356.17542,10762.46351
nan,nan,nan,nan,nan,nan,,,,,,,,,,,,,,,,,,,,,,,,,,,,,,,,,,,,,,,,,,,,,,,,,,,,,,,,,,,,,,,,,
nan,nan,nan,nan,nan,nan,,,,,,,,,,,,,,,,,,,,,,,,,,,,,,,,,,,,,,,,,,,,,,,,,,,,,,,,,,,,,,,,,
cshapes/1463,1463,624,Guinea-Bissau,1974,2012,,,,,289,306,323,342,408,389,439,465,476,478,501,532,562,583,642,685,728,771,794,833,872,833,883,882,912,925,902,823,915,918,754,871,903,811,824,850,824,793,805,790,797.1975594,817.9581579,802.7317087,794.307349,796.1880232,811.7260295,831.7213373,857.540283,601.9014098,635.7919689,680.2939183,666.6896296,619.5991359,603.7133149,604.9349425,613.7923671,605.7888181,609.0522685,616.6917911,,
cshapes/1446,1446,558,Nicaragua,1946,2012,1497,1455,1550,1478,1616,1674,1900,1888,2002,2072,2008,2111,2052,2019,1983,2065,2219,2382,2578,2734,2736,2835,2783,2875,2812,2856,2862,2921,3235,3129,3186,3349,3022,2151,2154,2195,2119,2168,2074,1944,1862,1804,1562,1499,1437,1364,1324,1280,1293,1314,1340,1375,1398,1634,1520,1532,1510,1516,1923,1600,1631,1652,1674,,
cshapes/1497,1497,191,Croatia,1992,2012,,,,,,,1709.432124,1843.336094,1993.511329,2340.381087,2225.664719,2624.668913,2675.098935,2897.003801,3163.669344,3374.007635,3439.88107,3782.626438,4114.873398,4209.314503,4485.431864,4608.820184,4787.54024,5125.400444,5463.635529,5878.217577,6013.53089,6224.391562,6735.119981,6900.649415,7160.955021,7732.69834,8281.942774,8737.472707,8861.422233,8921.518622,8847.365243,8662.320386,8821.058637,8811.931186,9036.536594,9016.359639,8917.030548,8743.660688,8122.860779,6792.170294,6051.388272,5363.519252,5667.411491,6027.076893,6638.436573,6965.92515,7252.656416,7111.078384,7391.374285,7827.549027,8259.433526,8702.758674,9071.719604,9460.70167,9915.467467,10473.1991,10724.55588,9984.234095,9849.493471
cshapes/1584,1584,748,Swaziland,1968,2012,,,,,721,745,751,762,787,793,803,814,817,843,935,1028,1214,1252,1399,1577,1602,1709,1588,1612,2036,2015,2201,2258,2443,2462,2472,2473,2462,2421,2397,2481,2548,2474,2437,2497,2494,2607,2429,2478,2434.954828,2385.016155,2324.067122,2329.321272,2394.622574,2467.037336,2499.391162,2535.832624,2564.364718,2609.579973,2630.322145,2646.877638,2700.242155,2751.711124,2803.620897,2864.982117,2953.357024,3065.134776,3150.20898,,
nan,nan,nan,nan,nan,nan,,,,,,,,,,,,,,,,,,,,,,,,,,,,,,,,,,,,,,,,,,,,,,,,,,,,,,,,,,,,,,,,,
cshapes/1539,1539,498,Moldova,1991,2012,,,,,,,,,,,,,,,,,,,,,,,,,,,,5365,,,,,,,,,,,,,,,,,,,,,,,,,,,,,,,,,,,,,
cshapes/1414,1414,882,Samoa,1976,2012,,,,,,,,,,,,,,,,,,,,,,,,,,,,,,,,,,,,,,,,,,,,,,,,,,,,,,,,,,,,,,,,,
cshapes/1581,1581,454,Malawi,1964,2012,,,,,324,332,339,347,355,354,376,383,388,393,394,404,393,376,359,397,426,455,437,453,447,498,534,562,582,586,591,603,637,646,630,580,567,573,580,606,587,568,547,542,539.6251147,563.9981977,503.43866,542.4712358,494.7579562,566.275941,607.2369309,628.6049667,617.2511697,621.2044696,608.7993927,567.8145437,562.0830441,577.5638253,593.5130787,592.8813139,589.2289364,628.0613802,662.246941,702.6231882,728.2376819
cshapes/1628,1628,818,Egypt,1979,2012,,,,,910,905,900,894,889,885,905,925,947,969,991,1031,1074,1120,1166,1213,1192,1151,1146,1201,1254,1283,1284,1294,1317,1421,1606,1767,1844,1930,2069,2076,2223,2322,2390,2471,2460,2465,2510,2528,2522.79246,2531.772188,2505.135795,2543.67469,2614.984868,2695.713135,2788.776205,2890.288265,3041.571609,3158.486702,3257.769534,3300.866061,3333.457651,3366.721519,3430.086368,3507.693109,3669.00209,3847.23282,4037.70757,4140.679545,4266.958116
nan,nan,nan,nan,nan,nan,,,,,,,,,,,,,,,,,,,,,,,,,,,,,,,,,,,,,,,,,,,,,,,,,,,,,,,,,,,,,,,,,
cshapes/1415,1415,776,Tonga,1999,2012,,,,,,,,,,,,,,,,,,,,,,,,,,,,,,,,,,,,,,,,,,,,,,,,,,,,,,,,,,,,,,,,,
cshapes/1413,1413,862,Venezuela,1946,2012,5947.824848,6893.605931,7394.128875,7543.578073,7461.959519,7663.18703,7991.811114,7956.457398,8417.386109,8749.86245,9123.697731,10057.78594,9816.283401,9997.403576,9645.889496,9001.589738,9057.915176,9134.379736,9562.093853,9841.487428,9677.244786,9921.570017,10249.34707,10262.42278,10671.76228,10446.30622,10245.36264,10625.0423,10507.49958,10471.64782,10929.3544,11250.88245,11164.30729,10919.59055,10139.22774,9841.124259,9356.135288,8745.421112,8623.034425,8521.42511,8724.504032,8804.935651,9080.103995,8093.960539,8312.867848,8907.165898,9234.497971,9060.606192,8665.717285,8831.346698,8648.616441,9034.626461,8906.042979,8237.707881,8409.045344,8566.435314,7695.538193,6996.444959,8156.497871,8868.262445,9602.283957,10289.50876,10672.10831,10176.2483,9874.358774
cshapes/1428,1428,662,St. Lucia,1979,2012,,,,,,,,,,,,,,,,,,,,,,,,,,,,,,,,,,,,,,,,,,,,,,,,,,,,,,,,,,,,,,,,,
cshapes/1490,1490,768,Togo,1960,2012,,,,,574,584,593,602,611,621,630,639,647,656,698,728,736,754,841,932,991,1019,1043,1126,1075,1126,1138,1067,1087,1056,1026,1057,1138,1178,1097,998,928,847,842,851,847,829,836,837,800.3280061,768.2729144,713.519035,599.9502778,700.1975805,707.8416855,740.752855,677.6381718,643.5787919,643.7534097,614.2215421,601.2572305,611.3660646,625.8646943,623.1780367,613.7047265,620.6857027,615.4435464,605.5978888,,
cshapes/1416,1416,32,Argentina,1946,2012,4665.168191,5089.47231,5251.776208,5047.398128,4986.724458,5073.029915,4717.41386,4874.493824,4979.828648,5237.000075,5285.31468,5460.686494,5697.980988,5241.468063,5559.465947,5861.841649,5677.233225,5455.440482,5926.126658,6370.747338,6320.604235,6398.951785,6577.756622,7037.280383,7301.966217,7529.937018,7634.565559,7961.973879,8334.083602,8122.497305,7965.20183,8304.381424,7807.247683,8226.909848,8205.979887,7606.558514,7245.755199,7387.053452,7425.854256,6834.930882,7223.791941,7297.928854,7054.363064,6520.109296,6432.921661,6954.710722,7383.739587,7748.367729,8119.048972,7785.950334,8090.801274,8614.729624,8899.888248,8545.157891,8409.969914,7967.806307,7038.063218,7518.343329,7966.885575,8540.598227,9101.152747,9715.227196,9971.923685,9580.694777,10256.27514
cshapes/1495,1495,8,Albania,1946,2012,,,,,1001,1045,1046,1089,1120,1181,1193,1269,1326,1381,1451,1463,1511,1563,1616,1675,1738,1804,1869,1932,2004,2084,2165,2273,2282,2289,2299,2309,2319,2331,2347,2360,2373,2387,2400,2413,2428,2443,2459,2477,2499.400144,1835.706149,1764.003834,1936.949431,2067.467282,2307.584114,2481.856309,2197.91225,2405.34461,2751.885327,2962.279357,3228.523379,3397.683995,3627.058403,3864.394503,4116.775963,4367.438231,4647.313787,5010.031778,5178.866904,5374.99081
nan,nan,nan,nan,nan,nan,,,,,,,,,,,,,,,,,,,,,,,,,,,,,,,,,,,,,,,,,,,,,,,,,,,,,,,,,,,,,,,,,
nan,nan,nan,nan,nan,nan,,,,,,,,,,,,,,,,,,,,,,,,,,,,,,,,,,,,,,,,,,,,,,,,,,,,,,,,,,,,,,,,,
cshapes/1509,1509,40,Austria,1955,2012,1956,2166,2764,3293,3706,3959,3967,4137,4555,5053,5397,5716,5907,6051,6519,6827,6950,7186,7567,7734,8112,8297,8621,9131,9747,10200,10771,11235,11658,11646,12201,12767,12731,13448,13759,13718,13961,14394,14439,14752,15081,15313,15754,16360,16894.58044,17262.63107,17409.04261,17339.45372,17669.83659,18096.42706,18511.93112,18918.16235,19613.07624,20268.21931,20961.72263,21093.92267,21407.44277,21554.85344,22080.30328,22582.94694,23388.29081,24234.638,24565.4845,23622.58169,24095.67625
cshapes/1579,1579,716,Zimbabwe,1965,2012,,,,,701,722,724,760,772,808,892,924,906,925,938,956,939,901,953,984,967,1015,999,1086,1282,1353,1423,1432,1427,1402,1357,1221,1232,1211,1295,1407,1405,1374,1297,1335,1322,1257,1326,1368,1355.449565,1412.689151,1259.718757,1256.334289,1315.917225,1309.672754,1416.948913,1417.151217,1401.599218,1337.046198,1231.003644,1248.161,1128.107824,941.779964,891.5411524,849.2912478,826.7980905,802.649436,660.7354466,699.5601542,749.7978863
nan,nan,nan,nan,nan,nan,,,,,,,,,,,,,,,,,,,,,,,,,,,,,,,,,,,,,,,,,,,,,,,,,,,,,,,,,,,,,,,,,
cshapes/1421,1421,84,Belize,1981,2012,,,,,,,,,,,,,,,,,,,,,,,,,,,,,,,,,,,,,,,,,,,,,,,,,,,,,,,,,,,,,,,,,
cshapes/1499,1499,100,Bulgaria,1946,2012,,,,,1651,1989,1893,2085,2025,2148,2128,2330,2508,2684,2912,3072,3295,3418,3657,3850,4125,4320,4368,4546,4773,4902,5110,5284,5414,5831,5982,5896,6019,6245,6044,6186,6370,6237,6430,6226,6380,6382,6335,6216,5596.900393,5197.861011,4884.37156,4935.733433,5078.239363,5285.328756,4844.28191,4628.009214,4870.395157,5137.232793,5483.308819,5770.035744,6098.74181,6496.743714,7000.113062,7512.794701,8072.313235,8666.200091,9278.931469,8841.375548,8945.50966
cshapes/1566,1566,96,Brunei,1984,2012,,,,,,,,,,,,,,,,,,,,,,,,,,,,,,,,,,,,,,,,,,,,,,,,,,,,,,,,,,,,,,,,,
cshapes/1621,1621,148,Chad,1973,2012,,,,,476,486,497,507,518,529,540,552,563,574,569,566,586,567,542,533,512,505,492,514,513,512,467,435,484,555,535,485,472,362,341,345,347,382,385,466,434,410,459,472,434.3128741,464.6226474,457.9185371,441.5111165,457.3101513,440.6408215,436.1083534,441.2182084,461.4057674,458.0513321,448.9671301,479.1300299,510.5383435,564.8464281,725.4616712,757.5001665,739.5619526,723.2697945,705.742475,,
cshapes/1494,1494,678,Sao Tome and Principe,1975,2012,,,,,820,818,817,817,850,764,806,799,875,784,867,933,995,1055,1112,1165,1233,1286,1337,1389,1440,1483,1423,1355,1356,1421,1497,1613,1667,1808,2009,1421,1755,1568,1406,1487,1471,1409,1401,1392,1390.739019,1355.068855,1327.282409,1306.562966,1299.930871,1284.296556,1267.552773,1243.12333,1231.805894,1226.04375,1225.398254,1235.44267,1255.235034,1295.285275,1331.623866,1364.576448,1409.876365,1446.251007,1484.154468,,
cshapes/1423,1423,320,Guatemala,1946,2012,2002,1975,1988,2111,2085,2047,2024,2032,2004,1989,2100,2148,2177,2211,2193,2216,2223,2360,2393,2447,2530,2581,2751,2821,2919,3012,3160,3297,3426,3412,3579,3767,3862,3951,4005,3925,3703,3504,3431,3320,3222,3198,3191,3227,3240.017845,3268.251334,3370.110648,3445.191613,3490.230684,3572.111779,3591.733327,3666.987086,3773.891834,3848.859636,3922.432566,3942.992013,4016.325374,4041.22025,4093.621918,4142.907095,4270.370932,4442.08033,4491.117717,4422.395418,4453.58391
cshapes/1508,1508,682,Saudi Arabia,2000,2012,,,,,2231,2374,2470,2664,2912,2922,3075,3119,3204,3458,3719,4066,4445,4715,5005,5469,6102,6463,6848,7170,7624,8475,9497,11040,12333,11787,12106,13064,12919,12843,13217,13421,12883,10863,10253,9048,8091,8105,8027,8004,8993.223235,9664.533475,9664.351802,9351.433629,9120.860303,8869.929896,8914.209863,8903.021841,8925.396562,8647.838729,8861.15832,8711.743253,8535.699406,9000.026382,9287.41847,9619.825727,9745.92036,9769.899978,10011.94667,9858.681812,10201.12639
cshapes/1412,1412,780,Trinidad and Tobago,1962,2012,,,,,3674,3894,3941,3954,3914,4316,5059,5344,5609,5743,6251,6371,6514,6718,6801,7030,7234,7327,7684,7897,8244,8272,8628,8685,9053,9118,9847,10296,11319,11649,12380,12734,11776,10654,11092,10459,9957,9366,8907,8764,8852.589641,9126.190476,8996.835443,8882.213439,9255.335968,9642.405063,10024.56418,10351.5873,10865.65978,11631.87251,12219.64856,12768.61489,13209.47031,15160.22544,16412.42938,17327.40501,19854.25101,20801.29765,21314.37855,,
nan,nan,nan,nan,nan,nan,,,,,,,,,,,,,,,,,,,,,,,,,,,,,,,,,,,,,,,,,,,,,,,,,,,,,,,,,,,,,,,,,
cshapes/1640,1640,800,Uganda,1962,2012,,,,,687,642,664,675,648,672,690,700,685,700,713,686,694,751,785,779,803,822,818,881,867,869,856,835,817,780,765,757,697,606,572,579,610,636,563,556,538,550,566,583,584.6780662,575.0338931,570.7044006,595.2915093,610.7830138,660.7195438,700.9720167,717.4581252,722.2842144,755.5390455,771.3977917,800.2232398,834.0989196,860.9700327,887.6379793,933.0633461,988.996604,1040.120687,1086.710042,1127.333869,1158.379138
nan,nan,nan,nan,nan,nan,,,,,,,,,,,,,,,,,,,,,,,,,,,,,,,,,,,,,,,,,,,,,,,,,,,,,,,,,,,,,,,,,
nan,nan,nan,nan,nan,nan,,,,,,,,,,,,,,,,,,,,,,,,,,,,,,,,,,,,,,,,,,,,,,,,,,,,,,,,,,,,,,,,,
cshapes/1472,1472,231,Ethiopia,1993,2012,,,,,,,,,,,,,,,,,,,,,,,,,,,,,,,,,,,,,,,,,,,,,,,,,,,,,,,,,,,,,,,,,
cshapes/1417,1417,600,Paraguay,1946,2012,1815,1542,1524,1740,1584,1573,1506,1509,1495,1523,1547,1578,1625,1581,1555,1588,1657,1659,1687,1739,1712,1774,1789,1810,1872,1902,1946,2038,2143,2219,2313,2504,2717,2952,3301,3494,3281,3093,3100,3131,3038,3079,3185,3276,3281,3268,3230,3266,3270,3325,3276,3271,3172,3103,3011,2994,2916,2951,2996,3007,3060,3190,3295,,
cshapes/1450,1450,28,Antigua and Barbuda,1981,2012,,,,,,,,,,,,,,,,,,,,,,,,,,,,,,,,,,,,,,,,,,,,,,,,,,,,,,,,,,,,,,,,,
cshapes/1535,1535,480,Mauritius,1968,2012,,,,,2490,2540,2528,2530,2587,2587,2594,2613,2610,2685,2777,3319,3249,3629,3283,3302,3108,3180,2907,3006,2945,3047,3309,3680,4020,3969,4551,4768,4863,4943,4367,4550,4738,4708,4882,5179,5658,6184,6550,6783,7208.001522,7596.858517,7865.468432,8286.792972,8553.069072,8758.675648,9115.298975,9552.836679,10018.44642,10437.04486,10593.35611,11232.36256,11501.41784,12182.59727,12640.62841,12957.61819,13297.16577,13740.81315,14529.24174,,
nan,nan,nan,nan,nan,nan,,,,,,,,,,,,,,,,,,,,,,,,,,,,,,,,,,,,,,,,,,,,,,,,,,,,,,,,,,,,,,,,,
cshapes/1540,1540,642,Romania,1946,2012,,,816,,1182,1256,1333,1411,1496,1578,1623,1672,1724,1783,1844,1951,2007,2137,2258,2386,2643,2743,2739,2824,2853,3221,3396,3477,3637,3761,3917,3966,4063,4148,4135,4087,4072,4027,4178,4159,4215,4110,4085,3941,3510.766008,3065.413948,2802.636572,2851.971118,2971.034645,3192.36484,3330.904185,3141.089932,2998.606483,2971.429004,3046.9561,3224.56336,3395.812347,3583.425541,3897.636288,4068.761499,4398.4171,4685.649469,5040.325355,4719.353965,4652.637063
nan,nan,nan,nan,nan,nan,,,,,,,,,,,,,,,,,,,,,,,,,,,,,,,,,,,,,,,,,,,,,,,,,,,,,,,,,,,,,,,,,
cshapes/1541,1541,512,Oman,1971,2012,,,,,623,650,677,707,736,766,799,831,866,900,935,923,1084,1103,1075,1053,1080,1749,3094,3782,3799,3716,3934,3279,3541,4267,4597,4390,4086,4044,4072,4523,4800,5346,5976,6545,6442,6712,6670,6708,6478.959035,6606.087395,6895.604166,7046.811418,7098.137923,7226.832177,7228.943324,7471.118834,7478.993431,7253.148652,7414.711071,7654.292957,7647.92474,7517.615155,7622.828091,7775.664985,8052.544358,8434.1099,9362.3468,9541.807974,9819.037486
cshapes/1468,1468,270,The Gambia,1965,2012,,,,,607,627,632,640,660,664,671,678,678,697,722,815,781,762,787,846,955,957,939,1007,879,949,985,997,1157,1050,1134,1152,1058,1191,1039,997,1088,926,871,770,783,797,849,875,877.5302737,862.9656811,866.781951,884.6935743,883.7729286,821.891359,841.0562929,851.2931645,851.1735878,875.7301844,894.812718,916.7083728,860.2203646,890.1135527,925.7848512,944.7766453,977.7261197,1010.448607,1042.948745,,
cshapes/1552,1552,798,Tuvalu,2000,2012,,,,,,,,,,,,,,,,,,,,,,,,,,,,,,,,,,,,,,,,,,,,,,,,,,,,,,,,,,,,,,,,,
nan,nan,nan,nan,nan,nan,,,,,,,,,,,,,,,,,,,,,,,,,,,,,,,,,,,,,,,,,,,,,,,,,,,,,,,,,,,,,,,,,
cshapes/1447,1447,132,Cape Verde,1975,2012,,,,,450,455,461,467,460,463,469,453,449,486,508,525,539,553,564,575,585,594,602,611,619,566,536,529,512,525,520,518,567,622,841,904,917,990,1011,1081,1094,1151,1166,1208,1233.4453,1186.112622,1143.740169,1183.688146,1241.989436,1319.26819,1387.57753,1475.659347,1565.048771,1680.981008,1775.606209,1864.535112,1940.632294,2014.047436,2084.966597,2203.721257,2426.062025,2598.993862,2735.37581,,
cshapes/1555,1555,4,Afghanistan,1946,2012,,,,,645,653,664,692,694,695,713,699,723,729,739,730,726,723,720,720,710,712,719,713,709,659,630,684,703,721,737,669,704,689,690,764,833,863,847,819,878,726,656,640,604,601,553,476,426,512,526,541,556,571,565,507,619,668,685,758,790,863,869,,
nan,nan,nan,nan,nan,nan,,,,,,,,,,,,,,,,,,,,,,,,,,,,,,,,,,,,,,,,,,,,,,,,,,,,,,,,,,,,,,,,,
cshapes/1496,1496,70,Bosnia and Herzegovina,1992,2012,,,,,,,1187.856839,1178.037023,1159.200096,1420.534147,1211.771245,1389.13455,1432.742628,1672.969377,1801.1851,1834.812756,1798.500039,1991.202996,2175.816832,2239.034401,2390.414239,2335.770865,2414.972925,2592.369752,2666.959974,2817.425176,2923.536197,3012.284719,3206.872644,3292.275866,3304.51362,3542.788228,3750.430366,3999.882045,4133.470846,4241.875366,4291.975883,4248.535522,4292.515961,4313.008762,4433.06455,4319.761815,4183.250391,4210.321201,3696.64944,,,,915.9669593,1144.779939,2140.116401,2825.125259,3163.339444,3354.970315,3452.215831,3548.746307,3703.910109,3836.192613,4061.43039,4253.776301,4496.175051,5041.035959,5348.539152,5193.611515,5233.028115
nan,nan,nan,nan,nan,nan,,,,,,,,,,,,,,,,,,,,,,,,,,,,,,,,,,,,,,,,,,,,,,,,,,,,,,,,,,,,,,,,,
nan,nan,nan,nan,nan,nan,,,,,,,,,,,,,,,,,,,,,,,,,,,,,,,,,,,,,,,,,,,,,,,,,,,,,,,,,,,,,,,,,
nan,nan,nan,nan,nan,nan,,,,,,,,,,,,,,,,,,,,,,,,,,,,,,,,,,,,,,,,,,,,,,,,,,,,,,,,,,,,,,,,,
nan,nan,nan,nan,nan,nan,,,,,,,,,,,,,,,,,,,,,,,,,,,,,,,,,,,,,,,,,,,,,,,,,,,,,,,,,,,,,,,,,
nan,nan,nan,nan,nan,nan,,,,,,,,,,,,,,,,,,,,,,,,,,,,,,,,,,,,,,,,,,,,,,,,,,,,,,,,,,,,,,,,,
cshapes/1511,1511,208,Denmark,1946,2012,5777,6035,6133,6494,6943,6936,6955,7292,7371,7395,7439,7965,8095,8637,8812,9312,9747,9732,10560,10953,11160,11437,11837,12531,12686,12934,13538,13945,13751,13621,14466,14655,14826,15313,15227,15096,15563,15966,16676,17384,17993,18023,18224,18261,18452.42611,18643.7902,18949.44493,18870.4338,19847.26641,20350.02991,20809.66082,21387.53818,21770.86504,22255.43737,22966.11846,23048.49108,23074.60709,23079.65496,23525.71863,24016.88591,24748.72584,25060.28763,24788.59997,23275.489,23512.63149
nan,nan,nan,nan,nan,nan,,,,,,,,,,,,,,,,,,,,,,,,,,,,,,,,,,,,,,,,,,,,,,,,,,,,,,,,,,,,,,,,,
cshapes/1574,1574,418,Laos,1953,2012,,,,,613,621,628,635,642,649,655,661,667,673,679,686,692,698,705,712,719,726,733,740,748,755,763,770,777,784,804,821,836,856,876,891,899,904,911,918,921,923,925,927,929.1163989,930.8123121,953.0367297,1020.252693,1053.518708,1079.214777,1077.238937,1105.398881,1110.365682,1166.926429,1203.223219,1240.536078,1280.989704,1322.290044,1372.913541,1435.225613,1518.729506,1594.14339,1669.179071,,
cshapes/1551,1551,90,Solomon Is.,1978,2012,,,,,,,,,,,,,,,,,,,,,,,,,,,,,,,,,,,,,,,,,,,,,,,,,,,,,,,,,,,,,,,,,
cshapes/1542,1542,706,Somalia,1960,2012,,,,,1057,1098,1112,1132,1175,1191,1211,1232,1241,1287,1277,1311,1341,1364,1191,1088,1216,1258,1252,1071,1138,1141,1228,1176,914,1202,1166,1420,1389,1181,1036,1112,1151,1015,1014,1055,1051,1068,1064,1086,1080.537797,1006.267943,905.1352528,907.3898511,910.0574034,916.6153443,919.9510272,895.2637673,867.7419929,857.7581512,847.5813197,835.3474021,847.940553,860.9970537,878.5423479,896.6633225,918.1433814,949.5664314,978.0653493,,
cshapes/1549,1549,520,Nauru,1999,2012,,,,,,,,,,,,,,,,,,,,,,,,,,,,,,,,,,,,,,,,,,,,,,,,,,,,,,,,,,,,,,,,,
cshapes/1470,1470,296,Kiribati,1999,2012,,,,,,,,,,,,,,,,,,,,,,,,,,,,,,,,,,,,,,,,,,,,,,,,,,,,,,,,,,,,,,,,,
cshapes/1517,1517,703,Slovakia,1993,2012,,,,,,,,,,,,,,,,,,,,,,,,,,,,,,,,,,,,,,,,,,,,,7763.053384,6605.811486,6158.226929,6250.925129,6611.902882,6976.954597,7445.141527,7761.637077,8089.253911,8084.058906,8187.729616,8465.990586,8845.189971,9256.668162,9712.014411,10343.51249,11190.05414,12346.05966,13037.08612,12376.81881,12877.41463
cshapes/1525,1525,756,Switzerland,1946,2012,8997,9182,9116,8757,9064,9684,9630,9840,10287,10867,11439,11705,11297,11870,12457,13099,13354,13710,14191,14504,14727,15010,15374,16031,16904,17381,17774,18204,18414,17224,17170,17635,17662,18050,18779,18956,18560,18560,19038,19586,19786,19792,20243,20935,21487.19471,21039.62782,20803.53954,20590.81299,20685.44933,20659.51843,20688.71205,21071.98968,21603.49053,21828.10474,22521.38119,22692.35687,22621.66764,22516.48204,22959.64717,23480.64037,24262.43554,25025.24076,25293.20404,24538.1947,25033.23864
nan,nan,nan,nan,nan,nan,,,,,,,,,,,,,,,,,,,,,,,,,,,,,,,,,,,,,,,,,,,,,,,,,,,,,,,,,,,,,,,,,
cshapes/1456,1456,620,Portugal,1946,2012,1928,2071,2046,2057,2086,2168,2161,2298,2393,2475,2564,2659,2672,2794,2956,3119,3330,3504,3718,3992,4164,4481,4873,4987,5473,5871,6355,7063,7048,6517,6814,7166,7340,7733,8044,8114,8280,8255,8089,8306,8641,9185,9868,10372,10826.39889,11303.51013,11416.68043,11138.3601,11178.69519,11613.61835,12000.97625,12460.15033,13012.74447,13465.66499,13922.21738,14127.25925,14170.93849,13980.06958,14138.59742,14191.46506,14343.1628,14631.41793,14583.48904,14118.34418,14279.04752
cshapes/1568,1568,392,Japan,1952,2012,1444,1541,1725,1800,1921,2126,2336,2474,2582,2771,2948,3136,3289,3554,3986,4426,4777,5129,5668,5934,6506,7152,7983,8874,9714,10040,10734,11434,11145,11344,11669,12064,12585,13163,13428,13754,14078,14307,14773,15331,15679,16251,17185,17943,18789.07116,19347.10308,19440.2993,19417.43561,19536.81945,19871.71446,20343.36045,20617.43762,20154.494,20070.39909,20480.95127,20499.90795,20516.84923,20832.99785,21301.17825,21575.02347,21938.17059,22410.06561,22175.12447,20963.2003,21934.90339
nan,nan,nan,nan,nan,nan,,,,,,,,,,,,,,,,,,,,,,,,,,,,,,,,,,,,,,,,,,,,,,,,,,,,,,,,,,,,,,,,,
nan,nan,nan,nan,nan,nan,,,,,,,,,,,,,,,,,,,,,,,,,,,,,,,,,,,,,,,,,,,,,,,,,,,,,,,,,,,,,,,,,
cshapes/1529,1529,233,Estonia,1991,2012,,,,,,,,,,,,,,,,,,,,,,,,,,,,8657,,,,,,,,,,,,,,,,,10819.97298,9798.980475,8587.079387,8053.626385,8050.376821,8700.734872,9333.681181,10535.94651,11352.89121,11413.37353,12610.10697,13498.8175,14488.67747,15722.36289,16832.60289,18443.37492,20436.83221,22108.65485,21432.20073,18493.06972,19031.66121
nan,nan,nan,nan,nan,nan,,,,,,,,,,,,,,,,,,,,,,,,,,,,,,,,,,,,,,,,,,,,,,,,,,,,,,,,,,,,,,,,,
cshapes/1522,1522,442,Luxembourg,1946,2012,,,,,,,,,,,,,,,,,,,,,,,,,,,,,,,,,,,,,,,,,,,,,,,,,,,,,,,,,,,,,,,,,
cshapes/1615,1615,458,Malaysia,1965,2012,,1069,1185,1531,1559,1440,1471,1440,1490,1460,1505,1455,1413,1467,1530,1592,1637,1669,1728,1804,1846,1830,1942,2005,2079,2180,2289,2560,2688,2648,2910,3076,3271,3457,3657,3824,3954,4096,4308,4157,4105,4218,4482,4789,5130.605593,5469.247876,5801.760383,6218.80645,6621.622471,7092.253695,7607.99142,7955.151463,7178.528056,7424.513622,7873.520022,7718.875526,7952.335964,8210.528541,8562.690121,8848.154042,9179.614939,9589.806943,9880.324042,9571.149882,10094.48882
cshapes/1506,1506,792,Turkey,1946,2012,1430,1476,1637,1519,1623,1784,1947,2108,1993,2093,2097,2194,2222,2252,2247,2221,2297,2454,2496,2504,2735,2795,2917,3002,3078,3282,3412,3477,3665,3895,4138,4224,4255,4133,4022,4087,4182,4230,4367,4485,4695,4998,5086,5041,5399.422355,5346.457941,5562.115653,5901.960902,5482.193415,5774.625667,6073.488602,6420.722338,6509.6118,6188.301386,6501.997941,6035.135495,6308.077947,6539.541513,7045.477852,7525.986459,7929.964441,8184.536961,8126.93802,7632.860373,8224.860843
cshapes/1515,1515,646,Rwanda,1962,2012,,,,,547,567,574,584,604,610,620,628,631,652,656,625,695,611,525,548,570,594,618,666,717,705,687,688,700,806,766,779,827,876,952,982,1030,1057,983,1000,1025,983,918,907,877.2859566,823.0751279,859.4159911,757.95867,455.5971563,706.5129211,667.7967606,652.7301481,677.1777524,713.8425747,742.4311225,774.5143902,825.9120405,813.6314228,824.7245587,860.5038949,898.4070628,943.0221058,1020.02118,,
cshapes/1437,1437,388,Jamaica,1962,2012,1649.460709,1512.434062,,,1326.784876,1412.193239,1504.10737,1691.065904,1858.154724,2020.412344,2190.102485,2468.25919,2458.238997,2541.405715,2653.537478,2702.197561,2722.31324,2757.021098,2903.972807,3069.657482,3128.979903,3178.234761,3283.905746,3480.38539,3848.67272,3803.230484,3857.598257,4130.37468,3908.464203,3844.876594,3563.814927,3450.923445,3439.414052,3335.832678,3121.406423,3162.46068,3148.836819,3210.414141,3174.168159,3020.289375,3064.331593,3295.787942,3385.50853,3605.535275,3786.330028,3800.651226,3830.878273,3859.18564,3846.343205,3889.8349,3845.796932,3762.917825,3674.309563,3669.875322,3657.446191,3671.712985,3673.2983,3767.759898,3788.522688,3793.707558,3862.957677,3886.30762,3833.368979,3691.410036,3617.031734
cshapes/1504,1504,422,Lebanon,1946,2012,,,,,2429,2121,2193,2457,2745,2886,2744,2717,2269,2395,2393,2482,2507,2459,2534,2706,2804,2592,2831,2810,2917,3001,3176,3155,3502,3460,3523,3613,3709,3506,3524,3362,3134,3100,3165,3245,3101,2169,1968,1964,1936.390877,2637.627417,2733.410546,2895.568861,3090.908214,3248.61542,3331.040547,3415.552255,3468.6321,3392.661486,3402.660018,3506.859336,3573.149865,3669.866409,3889.515026,3935.794817,3909.995075,4152.335166,4452.734822,,
nan,nan,nan,nan,nan,nan,,,,,,,,,,,,,,,,,,,,,,,,,,,,,,,,,,,,,,,,,,,,,,,,,,,,,,,,,,,,,,,,,
cshapes/1432,1432,372,Ireland,1946,2012,3052,3092,3230,3404,3453,3544,3642,3747,3794,3920,3897,3914,3870,4038,4282,4508,4636,4821,4986,5051,5080,5352,5770,6089,6199,6354,6663,6867,7042,7316,7302,7795,8250,8366,8541,8716,8821,8740,9056,9306,9265,9698,10234,10880,11817.74129,11968.78018,12275.09444,12533.08368,13191.09786,14388.55084,15386.93629,16857.89804,17944.85262,19479.44824,21026.81963,21747.22803,22670.70755,23206.34056,23724.88976,24348.76012,24988.52175,25623.67929,24324.28598,22315.23799,22013.13888
cshapes/1597,1597,434,Libya,1973,2012,,,,,857,925,963,949,915,1115,1314,1325,1410,1470,1830,1936,2473,3212,4366,5378,6107,6545,8395,9043,9115,8252,6979,6664,5379,5515,6540,6945,6991,7565,7272,5648,5234,4968,4397,3953,3586,3380,3303,3232,3087.087015,2825.023505,2636.727543,2453.035618,2363.350016,2321.318227,2381.394904,2466.767654,2321.813435,2291.418256,2312.992992,2390.948058,2366.545375,2446.775584,2508.530014,2702.598168,2817.606021,2960.618621,2993.563377,,
cshapes/1489,1489,204,Benin,1960,2012,,,,,1084,1063,1043,994,1002,982,962,941,956,970,978,987,932,952,993,1020,1032,1016,1029,1033,1027,1006,1065,1061,955,969,983,1010,1013,1063,1128,1156,1242,1152,1206,1257,1246,1190,1189,1128,1136.343833,1153.086788,1162.090854,1147.734595,1146.317709,1165.355238,1192.821199,1221.766537,1237.440583,1254.455056,1284.611852,1305.452868,1339.658492,1348.147925,1346.914791,1341.269004,1348.156581,1368.299566,1393.839378,,
nan,nan,nan,nan,nan,nan,,,,,,,,,,,,,,,,,,,,,,,,,,,,,,,,,,,,,,,,,,,,,,,,,,,,,,,,,,,,,,,,,
nan,nan,nan,nan,nan,nan,,,,,,,,,,,,,,,,,,,,,,,,,,,,,,,,,,,,,,,,,,,,,,,,,,,,,,,,,,,,,,,,,
cshapes/1550,1550,598,Papua New Guinea,1975,2012,,,,,,,,,,,,,,,,,,,,,,,,,,,,,,,,,,,,,,,,,,,,,,,,,,,,,,,,,,,,,,,,,
nan,nan,nan,nan,nan,nan,,,,,,,,,,,,,,,,,,,,,,,,,,,,,,,,,,,,,,,,,,,,,,,,,,,,,,,,,,,,,,,,,
cshapes/1443,1443,674,San Marino,1992,2012,,,,,,,,,,,,,,,,,,,,,,,,,,,,,,,,,,,,,,,,,,,,,,,,,,,,,,,,,,,,,,,,,
cshapes/1409,1409,152,Chile,1946,2012,3699.337778,3240.153689,3711.880097,3568.799039,3669.741798,3730.99784,3893.03185,4112.131182,3907.253806,3975.3891,3956.806051,4264.199787,4391.559576,4042.026695,4270.277231,4366.304858,4465.246923,4639.284082,4638.288359,4577.138538,4984.453509,5045.805815,5127.644877,5220.438323,5231.429389,5597.308919,5428.560219,5033.680306,4991.985694,4273.292655,4347.025561,4700.084469,5010.66067,5344.660999,5680.414863,5932.445916,5034.948175,4810.228903,5010.888421,5029.554167,5227.418854,5480.243784,5780.397394,6282.897442,6400.944474,6784.487812,7482.810871,7869.486706,8181.678288,8910.443755,9426.999805,9906.158183,10088.42831,9883.608018,10198.92856,10421.48726,10532.65408,10837.39235,11485.273,12079.8532,12648.00849,13176.05189,13479.08481,13210.08583,13883.18456
cshapes/1457,1457,724,Spain,1946,2012,2179,2198,2186,2155,2189,2386,2558,2528,2696,2778,2978,3046,3150,3050,3072,3436,3800,4151,4515,4762,5060,5334,5588,6032,6319,6618,7099,7661,8149,8346,8599,8833,9023,9068,9203,9186,9293,9478,9571,9722,9998,10520,11046,11582,12054.80858,12327.06172,12412.97867,12258.51197,12528.4742,13132.08999,13423.04352,13912.05806,14483.27403,15093.24859,15723.5687,16118.69693,16319.88388,16553.18715,16822.75066,17144.83906,17551.58552,17848.9431,17734.02915,16928.02262,16797.42747
cshapes/1483,1483,12,Algeria,1962,2012,,,,,1365,1347,1376,1369,1437,1445,1553,1693,1719,1994,2088,1799,1433,1768,1806,1870,1725,1824,1977,2105,2249,2000,2350,2357,2428,2522,2608,2759,3019,3192,3152,3131,3228,3289,3363,3431,3301,3192,3043,3067,2946.865622,2839.856543,2812.582498,2686.412085,2604.329985,2650.755982,2702.260676,2687.202977,2781.524577,2829.099193,2849.066039,2884.6339,2977.439739,3137.919557,3252.727706,3370.146567,3385.771851,3427.711557,3447.419145,3466.542581,3512.580739
cshapes/1561,1561,586,Pakistan,1971,2012,,,,,643,608,596,637,636,635,638,650,643,633,647,669,699,723,758,771,812,820,854,885,952,931,913,954,962,978,1006,1023,1079,1087,1161,1207,1256,1303,1321,1399,1444,1483,1532,1560,1588.162087,1629.468383,1707.565151,1707.834051,1739.041292,1780.24383,1846.455137,1830.971207,1849.954992,1882.472218,1904.1066,1887.495331,1903.988393,1958.580715,2066.462103,2210.948429,2297.481137,2410.407773,2457.323588,2458.569002,2493.542982
nan,nan,nan,nan,nan,nan,,,,,,,,,,,,,,,,,,,,,,,,,,,,,,,,,,,,,,,,,,,,,,,,,,,,,,,,,,,,,,,,,
cshapes/1467,1467,686,Senegal,1960,2012,,,,,1259,1281,1303,1324,1346,1367,1388,1409,1429,1448,1445,1475,1487,1507,1499,1511,1508,1449,1499,1362,1435,1390,1436,1315,1329,1396,1487,1403,1306,1354,1268,1219,1360,1351,1248,1255,1274,1285,1308,1242,1253.901255,1250.817595,1232.858634,1217.243945,1186.460292,1218.476848,1211.630765,1219.000024,1258.436455,1307.116101,1318.095369,1343.445438,1317.496029,1368.802493,1410.728286,1450.742285,1447.076672,1479.059368,1493.667398,1485.129978,1506.857329
nan,nan,nan,nan,nan,nan,,,,,,,,,,,,,,,,,,,,,,,,,,,,,,,,,,,,,,,,,,,,,,,,,,,,,,,,,,,,,,,,,
nan,nan,nan,nan,nan,nan,,,,,,,,,,,,,,,,,,,,,,,,,,,,,,,,,,,,,,,,,,,,,,,,,,,,,,,,,,,,,,,,,
cshapes/1536,1536,690,Seychelles,1976,2012,,,,,1912,2019,2050,2084,2174,2164,2143,2186,2200,2254,2367,2176,2306,2458,2488,2435,2434,2381,2522,2455,2570,2910,3026,3251,3245,3307,3583,3787,4009,4615,4444,4095,3981,3879,3989,4324,4372,4549,4690,4899,5169.491525,5246.158355,5542.238838,5836.711568,5638.514562,5605.156744,6101.909819,6779.661017,7100.837069,6808.554206,6367.01281,6149.20235,6151.001541,5728.284318,5495.962396,5745.893236,5813.816364,6020.86299,6108.897742,,
nan,nan,nan,nan,nan,nan,,,,,,,,,,,,,,,,,,,,,,,,,,,,,,,,,,,,,,,,,,,,,,,,,,,,,,,,,,,,,,,,,
cshapes/1510,1510,203,Czech Republic,1993,2012,,,,,,,,,,,,,,,,,,,,,,,,,,,,,,,,,,,,,,,,,,,,,8895.282123,7865.418878,7817.581938,7814.293033,7984.838584,8464.139762,8858.690318,8792.640507,8780.211739,8936.783834,9320.19361,9616.194599,9828.631183,10203.97831,10693.03292,11420.69242,12229.25105,12939.1098,13350.31225,12734.71342,13096.58577
nan,nan,nan,nan,nan,nan,,,,,,,,,,,,,,,,,,,,,,,,,,,,,,,,,,,,,,,,,,,,,,,,,,,,,,,,,,,,,,,,,
cshapes/1427,1427,308,Grenada,1974,2012,,,,,,,,,,,,,,,,,,,,,,,,,,,,,,,,,,,,,,,,,,,,,,,,,,,,,,,,,,,,,,,,,
cshapes/1586,1586,242,Fiji,1970,2012,,,,,,,,,,,,,,,,,,,,,,,,,,,,,,,,,,,,,,,,,,,,,,,,,,,,,,,,,,,,,,,,,
cshapes/1444,1444,340,Honduras,1946,2012,1281,1333,1331,1311,1313,1344,1356,1421,1300,1293,1354,1372,1370,1360,1398,1386,1416,1417,1438,1507,1538,1568,1603,1559,1556,1562,1563,1581,1745,1732,1851,1979,2103,2128,2062,2031,1929,1852,1859,1874,1824,1868,1899,1911,1857,1853,1904,1980,1886,1899,1912,1953,1958,1871,1912,1912,1915,1953,2025,2101,2191,2280,2323,,
cshapes/1576,1576,764,Thailand,1946,2012,,,,,817,849,869,935,898,945,930,910,914,992,1078,1100,1149,1205,1249,1308,1412,1486,1561,1636,1694,1725,1748,1874,1910,1959,2091,2249,2422,2496,2554,2654,2745,2847,2961,3050,3170,3421,3820,4225,4633.101387,4956.584618,5344.011121,5733.815761,6115.469014,6531.258385,6819.510854,6558.745337,5994.07308,6212.397645,6440.149121,6611.345258,6967.344423,7412.252227,7823.940976,8093.335936,8434.920248,8835.171431,8922.890435,8768.262043,9372.209407
cshapes/1532,1532,554,New Zealand,1946,2012,7161,7846,6929,7521,8456,7653,7796,7856,8743,8725,9000,9045,9185,9630,9465,9745,9731,10132,10418,10879,11362,10682,10545,11511,11189,11576,11850,12424,12879,12489,12648,11989,12034,12284,12347,12884,12996,13184,13666,13664,13880,13891,13816,13869,13687.46339,13374.22335,13373.42153,14031.54395,14551.04778,14909.24714,15144.36517,15407.10715,15477.08033,16202.02373,16518.11579,16933.89158,17485.54434,17880.94913,18298.02547,18705.72369,18926.94024,19268.63599,18875.36208,18843.11385,18886.1612
cshapes/1439,1439,188,Costa Rica,1946,2012,1759,2036,2095,2123,1963,1951,2114,2353,2289,2460,2301,2406,2605,2598,2715,2723,2785,2919,2961,3127,3258,3349,3497,3622,3754,3889,4118,4319,4430,4396,4506,4769,4870,4959,4911,4681,4235,4230,4432,4340,4446,4530,4561,4698,4746.99225,4745.083161,5056.193163,5284.003889,5377.589763,5436.686401,5343.311953,5502.38843,5822.47017,6157.894599,6135.721617,6086.337382,6162.140412,6455.856927,6628.778555,6915.588545,7415.135383,7890.163534,7990.361249,7777.786496,7996.77801
cshapes/1538,1538,440,Lithuania,1991,2012,,,,,,,,,,,,,,,,,,,,,,,,,,,,7593,,,,,,,,,,,,,,,,,8663.433329,8155.572183,6425.070535,5398.888588,4884.015828,5129.824313,5403.427182,5813.280318,6262.227649,6199.630991,6972.580923,7457.348968,7994.740217,8848.27449,9532.423293,10307.31353,11145.37454,12273.05451,12666.73492,10817.61261,11003.92912
cshapes/1460,1460,48,Bahrain,1971,2012,,,,,2104,2185,2267,2351,2436,2518,2599,2674,2739,2796,2843,2882,2931,2994,3073,3173,3283,3402,3520,3646,3788,3983,4198,4376,4574,3922,4313,4444,4415,4222,4388,4313,4414,4542,4557,4374,4316,4257,4267,4235,4104.060102,4041.380644,4186.895529,4600.555799,4468.050635,4528.042493,4599.756073,4632.896108,4744.566008,4835.883105,4972.351226,5068.116901,5013.060255,4920.1273,4786.70733,4780.872539,4744.077678,4804.691396,4860.098001,4852.57944,4929.192174
cshapes/1592,1592,548,Vanuatu,1981,2012,,,,,,,,,,,,,,,,,,,,,,,,,,,,,,,,,,,,,,,,,,,,,,,,,,,,,,,,,,,,,,,,,
cshapes/1569,1569,583,Micronesia,1991,2012,,,,,,,,,,,,,,,,,,,,,,,,,,,,,,,,,,,,,,,,,,,,,,,,,,,,,,,,,,,,,,,,,
nan,nan,nan,nan,nan,nan,,,,,,,,,,,,,,,,,,,,,,,,,,,,,,,,,,,,,,,,,,,,,,,,,,,,,,,,,,,,,,,,,
cshapes/1531,1531,516,Namibia,1990,2012,,,,,2160,2176,2191,2223,2292,2310,2339,2370,2376,2451,2616,2579,2869,3076,3486,3626,3668,3430,3369,3396,3321,3314,3387,3401,3425,3334,3389,3505,3658,3703,3767,3825,3789,3577,3425,3341,3344,3339,3277,3364,3140.961084,3229.042369,3443.538163,3284.466853,3415.069153,3467.187796,3482.532245,3542.750243,3581.447768,3629.719841,3660.529343,3660.279738,3703.322126,3788.890962,3992.233807,4048.105954,4291.537609,4484.231243,4570.853496,,
cshapes/1565,1565,64,Bhutan,1971,2012,,,,,,,,,,,,,,,,,,,,,,,,,,,,,,,,,,,,,,,,,,,,,,,,,,,,,,,,,,,,,,,,,
cshapes/1554,1554,784,United Arab Emirates,1971,2012,,,,,15798,16709,17246,18418,19884,19683,20377,20282,20372,21426,22433,23180,24250,25025,25676,26164,26483,26610,26374,25495,24552,24806,24806,24887,28449,25465,25598,26296,22545,24802,27709,26635,22983,20538,20160,18546,13770,13480,12682,13220,13960.84873,13446.60219,13056.49009,12288.37103,12425.28394,12495.00403,12445.33732,12787.88784,12212.35812,12017.14288,12814.30435,12403.83429,11721.3035,13008.04191,13681.14996,14208.0507,14814.73355,15152.48616,15346.4989,14070.68474,13746.26125
nan,nan,nan,nan,nan,nan,,,,,,,,,,,,,,,,,,,,,,,,,,,,,,,,,,,,,,,,,,,,,,,,,,,,,,,,,,,,,,,,,
cshapes/1578,1578,72,Botswana,1966,2012,,,,,349,355,359,366,372,377,383,388,392,399,403,410,415,422,430,437,473,513,557,601,647,747,956,1123,1300,1223,1381,1358,1537,1613,1765,1858,1921,2144,2300,2387,2485,2619,2937,3216,3303.780132,3360.094359,3353.775395,3310.977904,3320.806201,3366.966908,3457.793745,3589.454897,3704.472611,3844.929495,4084.111259,4210.596327,4338.620884,4429.146043,4488.802057,4480.695782,4619.416583,4728.178102,4768.837652,,
nan,nan,nan,nan,nan,nan,,,,,,,,,,,,,,,,,,,,,,,,,,,,,,,,,,,,,,,,,,,,,,,,,,,,,,,,,,,,,,,,,
cshapes/1593,1593,124,Canada,1948,2012,6931,7088,7065,7064,7291,7533,7833,7984,7699,8201,8652,8607,8534,8676,8753,8833,9277,9566,9999,10473,10946,11078,11479,11912,12050,12562,13072,13838,14205,14316,14902,15223,15680,16170,16176,16472,15779,16076,16836,17582,17862,18348,18993,19108,18872.38851,18262.46377,18146.72469,18309.10769,18941.7684,19237.79771,19330.59662,19961.8229,20612.38735,21563.04068,22487.70819,22686.64559,23155.13657,23406.98027,23952.90863,24484.34465,24967.16721,25300.08386,25262.07114,24361.02142,24941.23563
cshapes/1518,1518,705,Slovenia,1992,2012,,,,,,,2347.463813,2450.859241,2758.335767,2984.872956,2917.859996,3241.875435,3583.654682,3762.24123,4276.138123,4630.463522,4791.075224,5294.159706,5743.939398,5722.685209,5985.595829,6124.969715,6458.753731,7027.002785,7641.208961,8150.3194,8515.679895,8999.37701,9799.6734,10267.89919,10421.82226,11097.84624,11944.51274,12752.20181,12623.20296,12444.4982,12390.47809,12423.8501,12654.04344,12751.89828,13104.72999,12926.10886,12513.24398,12382.68524,11350.55387,10321.61051,9782.469922,10212.92434,10637.65843,11018.77505,11424.20305,12008.39119,12494.61877,13152.45609,13667.28529,14009.78972,14478.85633,14849.96238,15497.07409,16092.70288,16877.81741,18287.8774,18745.07434,17292.74053,17529.42673
nan,nan,nan,nan,nan,nan,,,,,,,,,,,,,,,,,,,,,,,,,,,,,,,,,,,,,,,,,,,,,,,,,,,,,,,,,,,,,,,,,
cshapes/1476,1476,414,Kuwait,1961,2012,,,,,28878,29777,30023,31361,33200,32257,32876,31447,29907,29568,28813,26112,26443,25331,25303,23533,24050,22409,22300,20963,30695,30930,30291,26689,21934,18162,18166,16417,16539,17675,13271,10290,8685,8966,9024,8165,8475,7789,7727,7968,6120.886457,8179.057448,8266.742797,10424.52244,10695.40531,10262.74793,9872.016461,9773.74786,9815.456958,9356.8421,9516.773445,9276.400106,9300.738809,10625.19819,11460.66734,12283.43364,12931.81115,13425.08658,13657.77034,12306.70989,12348.23874
cshapes/1430,1430,659,St. Kitts and Nevis,1983,2012,,,,,,,,,,,,,,,,,,,,,,,,,,,,,,,,,,,,,,,,,,,,,,,,,,,,,,,,,,,,,,,,,
cshapes/1638,1638,688,Serbia,2008,2012,,,,,,,1234.421862,1408.828861,1344.534227,1563.509069,1477.332935,1888.015343,1814.636202,2316.492898,2361.283179,2429.374955,2540.773088,2828.6347,3107.734344,3147.765678,3392.673396,3426.207121,3464.521215,3834.612178,3923.821481,4256.336845,4414.707158,4624.240853,4981.309149,5086.152525,5312.842782,5707.26686,5963.887684,6430.288285,6459.347403,6545.645188,6663.723271,6479.274081,6548.52947,6521.118655,6746.243876,6635.859678,6542.40758,6682.208408,6118.577625,,,4135.014379,4242.524753,4484.348663,4690.628702,5037.735226,5072.999372,4504.823443,4743.579085,4982.402633,5194.76968,5338.492832,5801.839116,6180.810614,6536.900814,7001.020771,7421.082018,7226.719022,7337.158248
cshapes/1564,1564,584,Marshall Is.,1991,2012,,,,,,,,,,,,,,,,,,,,,,,,,,,,,,,,,,,,,,,,,,,,,,,,,,,,,,,,,,,,,,,,,
cshapes/1435,1435,807,Macedonia,1993,2012,,,,,,,1429.706194,1489.785413,1522.282115,1838.964639,1861.519926,2036.013049,2195.113088,2248.897579,2385.387272,2416.755668,2438.468125,2833.706528,3624.380474,3281.015272,3529.898192,3647.515811,3728.509616,4076.093189,4352.791183,4578.608002,4739.554529,4969.099175,5189.340487,5363.348499,5532.265675,5812.056583,6212.426582,6578.420365,6583.75763,6677.155893,6606.264765,6362.660417,6476.177005,6353.020956,6720.767892,6557.671783,6275.870142,6472.071461,5754.646439,5362.089171,4980.257511,4584.12504,4481.87424,4410.370184,4439.686847,4481.159199,4610.581541,4790.056722,4988.122957,4747.154288,4774.325829,4897.312806,5086.798555,5287.009912,5440.028592,5766.802129,6055.142235,5983.746784,6141.002558
cshapes/1563,1563,50,Bangladesh,1971,2012,,,,,540,541,548,547,547,508,551,530,510,526,545,564,550,594,589,608,604,578,619,615,630,586,506,497,547,529,541,529,551,561,549,551,545,559,576,580,592,602,605,606,631.0311733,642.3707571,664.0236171,683.3248935,699.9827616,722.7930549,744.0184299,771.1912533,797.7966734,822.3440386,856.2998783,885.8697337,908.7514867,939.7563729,981.6176907,1022.743769,1072.808455,1123.548989,1174.221962,1223.777388,1276.230779
cshapes/1526,1526,178,Congo,1960,2012,,,,,1198,1222,1245,1267,1290,1313,1334,1356,1378,1399,1416,1430,1444,1458,1472,1486,1527,1569,1610,1653,1696,1786,1882,1981,2084,2191,2141,1909,1824,2043,2324,2725,2857,2913,3008,2787,2519,2460,2389,2402,2380.404951,2363.075912,2351.092312,2254.133069,2062.411586,2080.716408,2105.632374,2039.630055,2058.336907,1934.517752,2004.22624,1989.206126,2039.68207,2005.416705,2022.694593,2119.865638,2190.301659,2099.76404,2159.02136,,
nan,nan,nan,nan,nan,nan,,,,,,,,,,,,,,,,,,,,,,,,,,,,,,,,,,,,,,,,,,,,,,,,,,,,,,,,,,,,,,,,,
cshapes/1500,1500,196,Cyprus,1960,2012,,,,,,,,,,,,,,,,,,,,,,,,,,,,,,,,,,,,,,,,,,,,,,,,,,,,,,,,,,,,,,,,,
cshapes/1422,1422,170,Colombia,1946,2012,2017.036489,2041.95507,2050.372528,2107.337172,2152.841293,2150.104471,2214.436653,2276.61705,2358.455624,2372.758245,2390.636012,2399.973547,2382.560505,2473.468495,2496.814494,2539.857068,2593.785907,2597.227622,2674.903261,2688.808831,2750.064421,2784.250396,2873.681856,2976.452312,3094.216436,3194.2593,3355.248595,3499.379758,3617.679464,3620.601036,3713.288416,3793.264063,4041.681329,4177.124885,4257.256581,4254.602241,4202.472508,4175.224038,4228.65686,4271.749361,4435.657895,4577.217963,4669.466107,4726.096512,4825.742634,4840.186836,4950.210928,5131.017034,5292.598378,5469.755103,5497.027516,5606.695216,5562.83568,5269.378486,5375.205431,5409.494405,5476.339362,5613.902943,5830.76357,6021.956302,6339.936065,6689.753199,6839.710912,6853.822811,7062.504707
cshapes/1560,1560,524,Nepal,1946,2012,,,,,496,505,517,543,549,554,572,566,592,601,607,613,618,623,626,631,663,641,633,649,653,633,640,625,651,647,662,668,682,683,652,637,699,662,708,733,745,754,792,789,825.0760535,853.6981977,862.8102286,869.6129898,914.2581201,918.7413312,940.7814726,953.077764,946.6130893,954.8875285,994.4733216,1025.789231,1003.716824,1016.693271,1036.231562,1053.153391,1076.515918,1097.352293,1133.881099,,
cshapes/1547,1547,887,Yemen,2000,2012,,,,,,,,,,,,,,,,,,,,,,,,,,,,,,,,,,,,,,,,,,,,,,,,,,,,,,,,,,,,,,,,,
cshapes/1502,1502,268,Georgia,1991,2012,,,,,,,,,,,,,,,,,,,,,,,,,,,,5932,,,,,,,,,,,,,,,,,7615.812879,6012.55129,3353.437442,2419.982773,2222.306627,2328.894164,2632.829203,2940.227051,3053.177271,3162.405231,3246.35509,3424.585349,3625.610148,4041.711598,4294.080177,4722.503955,5183.107475,5842.27938,5996.858021,5789.484403,6171.484276
cshapes/1562,1562,762,Tajikistan,1991,2012,,,,,,,,,,,,,,,,,,,,,,,,,,,,4095,,,,,,,,,,,,,,,,,3012.898331,2696.355714,1800.208376,1494.535076,1164.130739,1080.443899,824.9462179,824.5849476,851.1727179,864.3592647,918.2572681,988.4771325,1076.049352,1174.672589,1272.178122,1332.346691,1393.915566,1473.928619,1555.824573,1588.146443,1660.780925
cshapes/1558,1558,31,Azerbaijan,1991,2012,,,,,,,,,,,,,,,,,,,,,,,,,,,,4434,,,,,,,,,,,,,,,,,4638.575302,4543.168237,3463.05973,2621.812941,2076.766746,1808.796329,1811.96964,1897.162936,2065.009155,2196.417665,2418.700652,2636.605283,2893.067798,3191.842735,3485.470389,4363.845957,5805.474414,7182.653623,7870.788527,8509.496126,8840.59342
cshapes/1411,1411,740,Suriname,1975,2012,,,,,,,,,,,,,,,,,,,,,,,,,,,,,,,,,,,,,,,,,,,,,,,,,,,,,,,,,,,,,,,,,
cshapes/1448,1448,384,Cote d'Ivoire,1960,2012,,,,,1041,1058,1075,1092,1110,1127,1144,1162,1179,1191,1256,1326,1335,1492,1688,1581,1628,1574,1730,1717,1808,1803,1811,1866,1839,1764,1893,1903,2009,1969,2041,2034,1964,1820,1696,1716,1705,1618,1533,1470,1307.353845,1252.847497,1214.090302,1328.360233,1282.578763,1311.549394,1377.820822,1419.072652,1449.073751,1438.538775,1337.191686,1304.508066,1256.636693,1209.55114,1199.681373,1195.594725,1178.996006,1172.201783,1173.78838,1191.964717,1194.903793
nan,nan,nan,nan,nan,nan,,,,,,,,,,,,,,,,,,,,,,,,,,,,,,,,,,,,,,,,,,,,,,,,,,,,,,,,,,,,,,,,,
nan,nan,nan,nan,nan,nan,,,,,,,,,,,,,,,,,,,,,,,,,,,,,,,,,,,,,,,,,,,,,,,,,,,,,,,,,,,,,,,,,
cshapes/1406,1406,328,Guyana,1966,2012,,,,,,,,,,,,,,,,,,,,,,,,,,,,,,,,,,,,,,,,,,,,,,,,,,,,,,,,,,,,,,,,,
cshapes/1493,1493,566,Nigeria,1961,2012,,,,,753,792,830,831,867,865,821,830,797,808,820,824,846,899,910,944,887,728,699,861,1094,1188,1197,1262,1367,1287,1385,1393,1272,1320,1305,1164,1119,1023,958,1017,1010,976,1046,1085,1112.368711,1077.290392,1054.503356,1049.408481,1032.486494,1003.843806,1028.1889,1031.442682,1034.124671,1013.955957,1041.389939,1097.746987,1295.532187,1391.287278,1497.486134,1536.920703,1590.056231,1656.985758,1710.975723,1783.105782,1876.107333
nan,nan,nan,nan,nan,nan,,,,,,,,,,,,,,,,,,,,,,,,,,,,,,,,,,,,,,,,,,,,,,,,,,,,,,,,,,,,,,,,,
nan,nan,nan,nan,nan,nan,,,,,,,,,,,,,,,,,,,,,,,,,,,,,,,,,,,,,,,,,,,,,,,,,,,,,,,,,,,,,,,,,
cshapes/1600,1600,376,Israel,1979,2012,,,,,2817,3159,3029,2910,3374,3701,3860,3992,4109,4501,4663,4996,5267,5593,5916,6272,6190,6222,7033,7723,8101,8711,9478,9645,10025,10148,10071,9863,10125,10515,10984,11357,11390,11586,11484,11672,12020,12670,12708,12604,13066.87868,13557.11348,14084.59998,14150.03492,14680.87832,15133.22685,15496.14654,15606.65113,15833.43691,15948.65351,16985.01939,16576.31004,16175.05189,16110.13845,16569.44602,17065.23287,17694.60221,18338.2918,18748.95393,18588.76232,19170.78348
cshapes/1619,1619,360,Indonesia,2002,2012,,,,,,,,,,,,,,,,,,,,,,,,,,,,,,,,,,,,,,,,,,,,,,,,,,,,,,,,,,,,,,,,,
cshapes/1594,1594,276,Germany,1990,2012,2217,2436,2834,3282,3881,4206,4553,4905,5247,5797,6177,6492,6737,7177,7705,7952,8222,8386,8822,9186,9388,9397,9864,10440,10839,11077,11481,11966,12063,12041,12684,13072,13455,13993,14114,14149,14040,14329,14783,15140,15469,15701,16160,16558,15928.8451,16649.5235,16890.56051,16644.68024,17027.78617,17298.81911,17420.22081,17708.52522,18028.88074,18380.04362,18943.51638,19156.6899,19140.37835,19087.57224,19283.67049,19417.05702,20040.62032,20546.93611,20801.43744,19789.84544,20661.44544
nan,nan,nan,nan,nan,nan,,,,,,,,,,,,,,,,,,,,,,,,,,,,,,,,,,,,,,,,,,,,,,,,,,,,,,,,,,,,,,,,,
cshapes/1629,1629,356,India,1949,2012,622,618,617,624,619,623,629,657,672,676,701,680,716,717,753,758,758,779,821,771,762,807,809,845,868,856,834,853,843,897,889,937,966,895,938,977,985,1043,1060,1079,1101,1125,1216,1270,1308.820024,1304.646841,1350.321854,1401.473914,1464.236076,1542.544978,1635.406947,1674.989195,1755.052071,1835.297417,1882.376838,1956.783203,1996.515349,2129.730535,2273.195249,2423.78814,2612.363477,2810.008178,2951.612471,3154.123685,3371.600998
nan,nan,nan,nan,nan,nan,,,,,,,,,,,,,,,,,,,,,,,,,,,,,,,,,,,,,,,,,,,,,,,,,,,,,,,,,,,,,,,,,
cshapes/1453,1453,430,Liberia,1946,2012,,,,,1055,1090,1097,1113,1147,1156,1170,1183,1187,1223,1230,1226,1209,1204,1231,1218,1408,1360,1384,1442,1492,1519,1530,1447,1508,1248,1263,1221,1235,1255,1162,1155,1091,1052,1012,969,968,964,935,918,1060.343211,1255.118694,1213.059439,1193.076338,1228.739539,1261.611177,1254.414641,1160.694127,1050.547201,1009.383845,989.656292,982.8412302,1012.385836,696.7751298,715.5293725,729.4519049,749.6766568,780.9930815,801.5985188,,
cshapes/1649,1649,478,Mauritania,1979,2012,,,,,464,477,490,504,517,531,545,558,572,586,625,722,697,645,827,928,920,938,1006,975,1059,1051,1047,966,1046,962,1020,989,966,991,1009,1026,984,1009,916,921,950,957,969,982,948.0627831,948.8302093,932.1846167,947.9885453,962.4871718,983.5376031,1021.279069,1033.59374,1045.447481,1059.949305,1084.823783,1103.75319,1120.126755,1153.286738,1183.184403,1216.376544,1321.714165,1302.720956,1299.210163,,
nan,nan,nan,nan,nan,nan,,,,,,,,,,,,,,,,,,,,,,,,,,,,,,,,,,,,,,,,,,,,,,,,,,,,,,,,,,,,,,,,,
cshapes/1488,1488,788,Tunisia,1956,2012,,,,,1115,1106,1220,1244,1249,1164,1223,1159,1291,1217,1343,1436,1379,1556,1589,1653,1654,1605,1735,1760,1827,1982,2287,2221,2343,2446,2569,2592,2700,2811,2944,3030,2957,3039,3068,3161,3037,3164,3099,3151,3335.399665,3401.755625,3601.249262,3615.713674,3669.121684,3698.642931,3907.836147,4066.464005,4217.409147,4422.188365,4563.55452,4734.230959,4764.781085,4973.518886,5215.76023,5370.576744,5618.719173,5911.424528,6116.971728,6243.827951,6374.394715
cshapes/1486,1486,140,Central African Republic,1960,2012,,,,,772,790,809,827,845,864,881,899,917,934,925,943,901,881,878,866,843,858,847,872,891,844,808,828,787,782,795,838,831,764,737,728,722,661,686,673,670,638,632,638,642.4173042,620.5152514,564.3807837,549.1627257,568.8319877,585.4148475,530.2078973,558.5849398,567.5290888,575.9154986,574.835309,568.25671,557.0541359,506.5725727,505.993413,510.1014218,521.2600807,532.2811376,535.7387953,,
cshapes/1429,1429,670,St. Vincent and the Grenadines,1979,2012,,,,,,,,,,,,,,,,,,,,,,,,,,,,,,,,,,,,,,,,,,,,,,,,,,,,,,,,,,,,,,,,,
cshapes/1425,1425,52,Barbados,1966,2012,,,,,,,,,,,,,,,,,,,,,,,,,,,,,,,,,,,,,,,,,,,,,,,,,,,,,,,,,,,,,,,,,
cshapes/1585,1585,24,Angola,1975,2012,,,,,1052,1076,1101,1126,1079,1148,1110,1197,1241,1225,1253,1396,1335,1380,1510,1596,1660,1727,1672,1691,1768,1728,1712,1789,1711,1073,954,941,960,958,961,923,862,808,790,779,694,760,853,853,868.0653906,853.7766358,781.7052682,576.2021921,565.9229622,630.6280181,734.2308546,752.5064903,731.0056501,733.6681836,736.4002932,741.1029994,825.4988259,824.9786914,885.2306488,1034.863019,1213.878266,1445.395246,1599.10097,1591.865397,1600.006172
cshapes/1424,1424,484,Mexico,1946,2012,2210.584525,2221.439376,2247.949868,2304.364169,2365.019284,2477.383186,2503.987733,2439.087348,2605.141138,2742.400117,2842.818714,2964.740121,3025.099223,3016.437911,3155.202619,3172.112421,3210.949215,3342.558268,3593.684233,3701.974279,3812.532565,3922.404571,4072.57421,4185.48456,4319.645997,4364.887462,4601.933535,4852.590122,5012.783638,5158.34022,5243.767097,5293.273636,5595.136853,5967.568432,6320.394056,6716.835077,6513.722942,6087.574451,6162.455375,6194.114741,5834.278719,5817.941858,5770.879434,5898.832481,6084.910965,6226.387975,6333.470963,6339.152999,6503.91349,6001.468879,6209.246686,6526.269368,6753.857331,6915.792332,7274.99279,7177.764251,7146.148129,7159.005577,7362.219117,7514.346218,7802.888109,7972.486518,7977.506516,7391.759093,7715.665029
cshapes/1419,1419,858,Uruguay,1946,2012,4083.056478,4312.558575,4405.092593,4503.656307,4659.397751,4954.882009,4956.579441,5138.533749,5390.791365,5351.581889,5360.169758,5332.873669,5402.349445,4859.676588,4960.155577,5036.286067,4858.250983,4819.705552,4858.068561,4859.767416,4974.263259,4720.621092,4747.160833,4990.972065,5184.05374,5130.143147,4944.997855,4974.392359,5123.294129,5417.018284,5601.537924,5628.690518,5888.160166,6214.824983,6554.607509,6873.244382,5971.698113,5583.138173,5487.034574,5559.760956,6014.846585,6453.263365,6413.298566,6454.015544,6464.630225,6664.045843,7163.186706,7324.363375,7824.629308,7679.497394,8071.734918,8434.4317,8775.832635,8494.072026,8340.856995,8030.074449,7121.273418,7255.884426,8094.064997,8613.143942,8968.144368,9603.646232,10405.44179,10650.09502,11526.32749
cshapes/1410,1410,218,Ecuador,1946,2012,1288.946305,1391.548995,1539.410517,1523.708517,1607.410041,1606.370574,1746.520167,1760.745193,1877.025748,1911.557747,1922.157117,1940.66502,1939.0665,1975.265963,2026.010256,2068.779367,2107.818462,2089.60855,2178.762887,2184.067847,2171.578906,2252.69277,2274.32473,2259.110336,2334.892521,2409.285567,2677.05389,3258.336169,3369.622109,3456.171213,3667.737016,3796.856629,3933.132626,4026.689368,4108.574764,4154.724807,4091.070357,3870.712196,3928.315988,3994.85382,4015.772105,3682.369726,3971.32747,3888.37015,3902.582273,4061.177842,4074.285969,4010.445726,4108.741391,4058.870314,4076.934155,4115.106504,4096.734362,3809.399176,3911.081132,4037.614656,4111.501425,4165.90639,4433.728793,4587.529058,4717.54451,4739.467957,5004.960127,4947.713939,5049.554413
cshapes/1473,1473,496,Mongolia,1946,2012,,,,,435,447,462,476,490,505,520,536,552,569,586,603,621,640,659,679,699,720,742,764,787,811,835,860,886,912,939,968,997,1027,1058,1115,1175,1210,1247,1282,1364,1374,1405,1403,1332.10735,1180.858552,1046.612659,997.5895118,1003.062506,1046.161039,1050.162074,1073.556753,1092.767899,1075.465994,1059.030535,1043.087925,1027.85408,1013.259657,1062.109697,1046.757251,1031.493916,1016.33384,1001.308042,,
cshapes/1465,1465,226,Equatorial Guinea,1968,2012,,,,,540,561,572,587,610,620,636,648,660,687,746,806,887,1006,1145,1285,1322,1393,1424,1364,1309,1186,1023,1065,1128,1294,1452,1458,1572,1541,1477,1424,1412,1395,1678,1399,1421,1466,1530,1550,1552.14228,1581.112652,1703.977308,1761.594268,1800.006273,1998.916081,2509.009625,4177.142781,4951.945869,6805.741114,7676.766033,10477.96189,11154.76492,12824.50782,16415.94806,17506.06454,17243.35953,20361.37608,22048.50606,,
nan,nan,nan,nan,nan,nan,,,,,,,,,,,,,,,,,,,,,,,,,,,,,,,,,,,,,,,,,,,,,,,,,,,,,,,,,,,,,,,,,
cshapes/1530,1530,246,Finland,1946,2012,3683,3717,3957,4143,4253,4571,4674,4652,5002,5197,5295,5490,5474,5754,6230,6658,6819,6994,7307,7670,7824,7947,8093,8878,9577,9765,10448,11085,11361,11441,11358,11355,11559,12332,12949,13134,13485,13767,14107,14522,14819,15382,16088,16946,16866.37534,15767.88816,15136.11477,14942.82753,15424.26918,15976.98765,16496.66915,17472.30354,18306.52538,18981.00269,19950.89192,20360.39156,20683.00071,21053.13763,21879.09315,22478.60414,23434.46745,24651.34028,24694.05787,22561.73956,23290.48329
cshapes/1454,1454,694,Sierra Leone,1961,2012,,,,,656,685,697,714,744,760,777,795,807,841,856,858,884,886,883,932,976,955,1032,1109,1129,1101,1072,1087,1113,1125,1070,1065,1048,1087,1116,1162,1157,1117,1108,1054,995,1023,1026,1025,1025.68956,918.9608429,844.8806016,855.0847335,865.0843829,766.0556948,568.7115085,454.3234779,441.4891219,403.530756,409.293687,457.630727,553.1665149,572.2741092,595.9318763,623.5444459,640.3150683,665.7608894,686.4424362,,
cshapes/1520,1520,250,France,1946,2012,3855,4138,4393,4946,5186,5461,5564,5684,5915,6199,6448,6762,6855,6979,7398,7718,8067,8363,8819,9165,9544,9907,10267,10886,11410,11845,12264,12824,13113,12957,13466,13913,14240,14634,14766,14840,15132,15245,15382,15530,15833,16158,16790,17300,17647.00523,17724.13539,17879.52249,17666.01847,17978.19967,18261.96131,18373.41769,18690.44426,19233.28587,19771.39217,20391.87707,20648.03442,20719.52566,20789.04693,21193.39975,21450.00068,21841.59189,22202.17253,22057.35045,21244.20731,21477.4774
cshapes/1591,1591,266,Gabon,1960,2012,,,,,3108,3204,3302,3401,3504,3611,3718,3827,3939,4052,4184,4639,4725,4832,4851,4860,5003,5130,5176,5518,5869,6332,6892,7289,9544,9406,12340,9529,6721,6659,6777,6541,6211,6105,6142,5818,5356,4546,4542,4637,4797.011781,4971.236692,4680.754222,4666.34368,4710.749598,4815.422823,4858.304759,5002.040925,5042.469955,4052.199353,3844.135005,3819.867408,3728.01773,3732.488483,3685.836829,3711.42589,3675.00659,3801.020426,3811.332641,,
nan,nan,nan,nan,nan,nan,,,,,,,,,,,,,,,,,,,,,,,,,,,,,,,,,,,,,,,,,,,,,,,,,,,,,,,,,,,,,,,,,
cshapes/1626,1626,760,Syria,1967,2012,,,,,2409,2264,2786,3084,3453,3039,3508,3627,3039,3062,3023,3168,3796,3673,3637,3512,3139,3291,3306,3801,3540,3759,4544,4017,4821,5570,5976,5705,5998,6010,6508,6891,6786,6638,6143,6290,5772,5681,6219,5480,5700.684703,6100.798479,6712.472647,7012.989197,7203.043287,7390.21012,7406.845999,7133.511797,7334.625794,6924.693164,6906.274925,6984.925006,7219.478482,6906.542008,7211.710583,7484.216488,7552.640942,7527.379813,7555.624948,7841.251213,7951.963103
cshapes/1637,1637,499,Montenegro,2006,2012,,,,,,,1119.131315,984.8522971,992.4594021,1317.411331,1195.795969,1333.194368,1300.068846,1380.495364,1529.580637,1832.975168,1786.366155,2018.03126,2341.039504,2384.833463,2476.989141,2506.213237,2610.056693,2852.32074,3047.122271,3132.838037,3265.594879,3223.052869,3384.195271,3458.319215,3601.384303,3951.327265,4130.0091,4091.569516,5013.790219,4790.278911,4887.336395,4773.772209,4910.893859,4896.324708,5031.761701,4762.832716,4579.082553,4566.316918,4143.776611,,,2873.167712,2919.138395,3330.736909,4253.351033,4534.072201,4667.784786,4178.697042,4298.823856,4330.285641,4489.024645,4714.262422,5011.004255,5327.052183,6260.180116,6930.019389,7408.190727,7214.165362,7324.412742
cshapes/1642,1642,404,Kenya,1963,2012,,,,,651,771,667,633,687,718,736,738,725,720,726,686,701,714,758,743,812,826,857,881,915,941,956,970,981,942,943,991,1039,1036,1051,1033,1054,1021,1000,1006,1040,1065,1092,1105,1117.258873,1096.005627,1044.90815,1011.405194,1011.844482,1028.967266,1044.343191,1021.787893,1031.416573,1031.984834,1013.353409,1033.647945,1008.176869,1007.222369,1023.586856,1053.320755,1086.957564,1128.998955,1112.576804,1109.416624,1140.748005
cshapes/1651,1651,728,South Sudan,2011,2012,,,,,,,,,,,,,,,,,,,,,,,,,,,,,,,,,,,,,,,,,,,,,,,,,,,,,,,,,,,,,,,,,
cshapes/1544,1544,795,Turkmenistan,1991,2012,,,,,,,,,,,,,,,,,,,,,,,,,,,,4826,,,,,,,,,,,,,,,,,3635.866594,3384.702892,2813.152295,2791.411294,2258.947395,2064.513598,2168.292235,1894.528199,1999.662109,2296.060497,2387.930936,2458.704056,2433.160449,2483.247906,2565.447526,2865.285607,3142.257127,3449.622195,3913.184032,4104.257136,4431.91594
cshapes/1512,1512,108,Burundi,1962,2012,,,,,360,374,379,388,402,408,416,424,428,445,444,372,397,407,420,425,433,462,447,434,540,571,519,554,542,535,566,622,600,583,603,642,625,630,614,672,684,695,703,697,704.617689,722.5801164,706.0241054,685.1646921,654.0345295,566.8745134,517.3043784,517.6041177,529.4331404,508.994744,495.9769889,492.3419752,498.9262333,477.3969374,482.556905,469.5060924,475.3977346,474.9416156,479.1160516,,
nan,nan,nan,nan,nan,nan,,,,,,,,,,,,,,,,,,,,,,,,,,,,,,,,,,,,,,,,,,,,,,,,,,,,,,,,,,,,,,,,,
nan,nan,nan,nan,nan,nan,,,,,,,,,,,,,,,,,,,,,,,,,,,,,,,,,,,,,,,,,,,,,,,,,,,,,,,,,,,,,,,,,
cshapes/1451,1451,288,Ghana,1957,2012,,,,,1122,1134,1084,1202,1317,1200,1236,1241,1187,1321,1378,1388,1416,1424,1414,1393,1354,1339,1318,1325,1424,1491,1402,1397,1455,1247,1178,1181,1260,1210,1157,1142,1042,933,960,978,988,1007,1034,1057,1062.165073,1091.542336,1112.275037,1135.881573,1148.784422,1174.624528,1207.333623,1248.447397,1288.211918,1323.237541,1351.807141,1384.455036,1418.71032,1459.31422,1504.197169,1560.282091,1619.275169,1685.937482,1788.67444,1819.960353,1922.39113
nan,nan,nan,nan,nan,nan,,,,,,,,,,,,,,,,,,,,,,,,,,,,,,,,,,,,,,,,,,,,,,,,,,,,,,,,,,,,,,,,,
cshapes/1449,1449,591,Panama,1946,2012,2155,2200,2024,2031,1916,1851,1901,1969,1993,2055,2108,2270,2241,2322,2391,2574,2710,2882,2920,3085,3219,3388,3531,3699,3814,4010,4109,4248,4230,4196,4162,4097,4419,4510,5082,5186,5362,5292,5164,5295,5360,5383,4455,4352,4466,4773,5064,5230,5288,5286,5309,5433,5543,5618,5655,5587,5615,5731,5870,5942,6099,6410,6675,,
cshapes/1533,1533,428,Latvia,1991,2012,,,,,,,,,,,,,,,,,,,,,,,,,,,,7846,,,,,,,,,,,,,,,,,9916.31595,8707.016531,5992.121168,5412.8253,5624.327827,5656.492538,5964.723527,6572.999667,6995.876793,7267.347911,7741.538941,8373.754892,9047.944415,9807.868477,10753.65844,11925.25674,13345.73622,14723.63606,14332.6371,11865.09971,11897.55948
cshapes/1440,1440,192,Cuba,1946,2012,1893.431236,2120.535714,1842.444951,1958.225028,2046.22565,2175.567149,2206.632481,1900.372944,1956.722191,2004.981582,2144.500685,2406.353979,2362.836457,2066.836056,2051.881188,2050.042052,2046.351904,2031.589436,2009.386156,1988.369657,2051.265097,2247.604595,2079.929908,2020.888611,1917.41625,2036.535606,2095.603072,2245.106431,2324.080785,2404.286554,2438.618961,2520.238021,2649.670522,2694.60307,2644.46971,2847.412601,2890.116724,2945.450865,3022.458392,3049.274786,3027.799685,2982.088676,3010.091209,2990.776326,2957.005612,2589.85958,2215.581743,1848.05424,1876.999908,1931.52324,2090.542522,2151.661797,2170.288208,2306.523116,2421.754007,2482.430979,2509.863429,2595.003112,2735.559887,3031.785273,3387.871854,3624.978059,3763.655462,,
cshapes/1648,1648,504,Morocco,1979,2012,,,,,1455,1458,1460,1468,1476,1483,1451,1420,1389,1358,1329,1341,1354,1367,1381,1394,1436,1480,1524,1570,1616,1665,1669,1694,1751,1831,1992,2050,2069,2122,2272,2169,2337,2262,2294,2374,2495,2378,2558,2555,2590.761764,2720.305188,2565.825303,2496.463736,2708.932744,2489.623055,2750.0284,2648.386405,2810.755068,2786.834577,2793.850032,2966.385696,3026.343201,3178.046747,3290.703772,3349.113851,3567.620809,3622.632821,3782.256223,3925.687931,4026.887812
cshapes/1408,1408,76,Brazil,1960,2012,1500.919409,1517.878525,1596.229078,1659.260572,1671.722669,1702.101909,1752.235235,1784.168521,1847.598649,1925.743424,1896.435994,1994.121509,2111.213041,2221.001315,2334.855201,2437.273832,2510.961753,2463.232634,2472.177604,2448.391865,2526.735226,2553.97447,2704.245082,2859.841815,3056.71891,3278.47148,3537.878938,3880.121337,4080.936505,4187.382324,4469.619992,4565.360706,4678.40658,4889.959284,5195.033328,4849.569814,4762.826673,4498.143377,4643.22675,4913.962528,5201.660532,5269.529529,5154.552248,5223.679696,4920.05689,4887.812358,4782.211206,4937.484734,5144.890969,5280.435551,5313.327994,5411.327741,5333.894962,5269.867102,5417.94332,5412.25528,5481.246625,5472.388031,5713.413165,5824.471363,5987.808635,6284.52609,6542.011779,6456.963855,6879.054862
cshapes/1438,1438,44,Bahamas,1973,2012,,,,,,,,,,,,,,,,,,,,,,,,,,,,,,,,,,,,,,,,,,,,,,,,,,,,,,,,,,,,,,,,,
nan,nan,nan,nan,nan,nan,,,,,,,,,,,,,,,,,,,,,,,,,,,,,,,,,,,,,,,,,,,,,,,,,,,,,,,,,,,,,,,,,
cshapes/1433,1433,214,Dominican Republic,1946,2012,,,,,1027,1117,1172,1123,1150,1183,1260,1296,1320,1284,1302,1232,1394,1437,1484,1259,1384,1387,1349,1453,1561,1680,1837,2005,2067,2111,2198,2250,2248,2289,2372,2413,2400,2450,2403,2292,2310,2432,2397,2647,2471.128053,2445.716872,2652.129976,2793.845965,2809.515627,2912.35182,3064.741944,3252.017917,3419.493271,3586.452455,3725.016149,3728.73134,3879.984651,3809.394107,3801.337526,4093.584776,4466.781505,4777.889533,4959.572433,5060.671233,5379.087363
cshapes/1485,1485,120,Cameroon,1961,2012,,,,,671,687,704,720,737,754,771,788,805,822,832,829,840,857,872,874,898,905,946,973,982,990,1011,1003,1024,1052,1044,1070,1094,1120,1192,1351,1416,1471,1537,1622,1683,1550,1435,1268,1211.073247,1132.53477,1067.91467,1006.516017,955.9738755,962.9534608,986.333198,1011.58142,1037.412266,1057.73026,1076.170042,1098.698276,1115.226749,1132.419108,1147.631536,1147.551165,1157.935899,1170.434952,1173.894515,1170.981975,1179.336742
cshapes/1583,1583,710,South Africa,1990,2012,2311,2288,2414,2396,2535,2591,2619,2675,2763,2830,2914,2951,2939,2995,3041,3092,3179,3321,3450,3559,3615,3760,3819,3946,4045,4135,4109,4175,4299,4271,4267,4155,4174,4232,4390,4480,4323,4112,4186,4006,3912,3897,3964,3956,3833.765591,3715.233672,3564.052543,3533.150581,3584.298092,3646.403612,3753.134555,3802.738087,3769.523033,3809.509532,3920.424462,3982.407492,4083.610569,4159.830978,4306.177361,4490.400971,4698.274641,4913.662026,5048.08666,4943.150083,5080.12159
cshapes/1573,1573,116,Cambodia,1953,2012,,,,,482,486,504,497,542,518,572,594,608,650,671,647,680,712,674,687,700,717,730,722,647,615,577,777,658,580,643,717,810,831,828,816,852,886,926,966,990,935,924,913,881.2604539,914.9821905,937.1253549,931.3223648,984.5789304,1024.543529,1055.808785,1092.903526,1125.711696,1245.078512,1328.573666,1408.878805,1485.175642,1587.618948,1726.501053,1927.700489,2103.489325,2281.135368,2392.221547,2352.2919,2449.888926
cshapes/1559,1559,410,South Korea,1949,2012,,,,,853.8902207,787.0210411,835.2758418,1071.676294,1123.956175,1168.856442,1148.869232,1205.666909,1233.829293,1242.75931,1226.389134,1246.591589,1245.178567,1315.518882,1389.651229,1436.335133,1569.336866,1644.651688,1812.050068,2040.007608,2167.333519,2332.360186,2456.469184,2824.259678,3015.248472,3161.701766,3476.408254,3774.591064,4063.913126,4294.026749,4114.101353,4301.861943,4557.290342,5006.965673,5374.622581,5670.391609,6262.968894,6915.909855,7620.589565,8027.303352,8704.425109,9446.109833,9877.381087,10391.16967,11198.5704,12094.23728,12859.85233,13500.53386,12634.33699,13889.5843,14997.53538,15481.41891,16497.60905,16881.93815,17588.9313,18227.3189,19124.08454,20047.7928,20453.78022,20464.31804,21700.85576
cshapes/1639,1639,840,United States,1946,2012,9197,8886,9065,8944,9561,10116,10316,10613,10359,10897,10914,10920,10631,11230,11328,11402,11905,12242,12773,13419,14134,14330,14863,15179,15030,15304,15944,16689,16491,16284,16975,17567,18373,18789,18577,18856,18325,18920,20123,20717,21236,21788,22499,23059,23200.56031,22832.79005,23284.98188,23640.11258,24312.78896,24637.32986,25263.10165,26074.23942,26893.45086,27869.81203,28701.93432,28726.09432,28976.93019,29458.92251,30199.80086,30841.6455,31357.53959,31654.92675,31251.26649,29898.64422,30491.34438
nan,nan,nan,nan,nan,nan,,,,,,,,,,,,,,,,,,,,,,,,,,,,,,,,,,,,,,,,,,,,,,,,,,,,,,,,,,,,,,,,,
cshapes/1580,1580,174,Comoros,1975,2012,,,,,560,581,587,598,619,625,635,645,649,671,712,703,749,887,932,913,984,999,973,963,1009,1154,1032,889,1055,804,692,624,627,624,643,664,674,683,687,690,690,701,712,694,685.0974982,629.9024992,663.911864,663.996608,610.3496075,643.8528152,616.8080185,624.8556205,611.6432632,605.7787732,580.6859699,576.738977,572.6650072,570.0552053,576.457241,583.6477388,572.775793,559.4468504,549.3491852,,
nan,nan,nan,nan,nan,nan,,,,,,,,,,,,,,,,,,,,,,,,,,,,,,,,,,,,,,,,,,,,,,,,,,,,,,,,,,,,,,,,,
cshapes/1608,1608,156,China,1949,2012,,,,,448,491,538,552,557,577,616,636,690,686,662,553,550,590,645,702,746,707,675,713,778,795,798,838,835,871,853,894,978,1039,1061,1110,1186,1258,1396,1519,1597,1737,1830,1834,1870.930289,1967.182259,2132.175936,2311.822409,2514.660167,2863.484818,2891.98883,3013.350405,2993.193686,3162.233832,3420.865722,3758.931478,4197.145423,4802.843061,5168.708601,5575.372779,6047.562203,6303.024164,6724.7797,7308.203137,8031.944674
cshapes/1523,1523,528,Netherlands,1946,2012,4457,5048,5490,5880,5996,6032,6084,6543,6907,7326,7499,7614,7482,7737,8287,8202,8639,8832,9437,9798,9936,10341,10894,11462,11967,12319,12597,13081,13497,13374,13885,14177,14424,14647,14705,14525,14291,14483,14900,15283,15617,15737,16044,16695,17262.06918,17547.90432,17719.66846,17823.66395,18222.90474,18696.69735,19247.86821,19972.66125,20630.88738,21456.94928,22148.20084,22410.66506,22290.72528,22267.40798,22695.82597,23113.73627,23867.01078,24756.36244,25112.31153,24073.41548,24302.61796
nan,nan,nan,nan,nan,nan,,,,,,,,,,,,,,,,,,,,,,,,,,,,,,,,,,,,,,,,,,,,,,,,,,,,,,,,,,,,,,,,,
cshapes/1577,1577,704,Vietnam,1975,2012,,,,,658,676,694,712,732,750,764,775,785,792,799,812,885,882,895,877,859,731,699,739,735,754,802,836,783,710,809,818,806,795,757,767,811,836,891,923,929,941,976,996,1024.91428,1062.645492,1132.9522,1202.049019,1285.256937,1384.524017,1490.344248,1588.385854,1656.976082,1713.097337,1805.427252,1905.088685,2013.654345,2134.196108,2271.304091,2431.75152,2599.654463,2785.327385,2925.947347,3046.268472,3216.811928
nan,nan,nan,nan,nan,nan,,,,,,,,,,,,,,,,,,,,,,,,,,,,,,,,,,,,,,,,,,,,,,,,,,,,,,,,,,,,,,,,,
cshapes/1607,1607,158,Taiwan,1949,2012,,,,,,,,,,,,,,,,,,,,,,,,,,,,,,,,,,,,,,,,,,,,,,,,,,,,,,,,,,,,,,,,,
cshapes/1534,1534,450,Madagascar,1960,2012,,,,,951,972,992,1012,1032,1052,1072,1092,1112,1132,1125,1126,1129,1096,1116,1088,1087,1123,1174,1192,1226,1246,1202,1144,1139,1126,1063,1061,1006,1075,1054,936,893,875,819,813,795,789,778,785,791.7220772,719.7755221,706.588663,699.9060189,678.7326112,669.524754,663.5439847,667.5625669,673.1114738,684.0977718,694.1801454,714.9365344,608.527607,649.1812795,663.9963816,674.9966082,689.0747112,711.7687316,741.5173116,691.5543692,675.6577325
cshapes/1434,1434,826,United Kingdom,1946,2012,6745.340106,6604.41059,6745.635942,6955.693353,6939.37399,7123.364486,7090.71981,7345.798826,7619.206146,7868.134888,7928.747265,8017.013416,7965.809649,8239.799061,8645.230276,8856.66673,8865.383172,9149.184149,9567.965031,9751.536339,9885.310104,10048.89099,10409.95037,10551.68497,10767.47196,10941.47423,11293.92464,12025.2802,11858.90367,11847.08708,12114.95214,12383.61309,12827.83485,13167.2832,12931.49128,12747.4263,12954.6474,13404.46683,13720.05724,14164.54611,14741.81575,15393.43739,16109.99643,16413.72292,16429.91158,16155.29228,16133.4947,16458.29616,17117.94169,17585.5274,18044.00318,19115.07246,19724.08541,20269.48154,21045.72002,21567.35403,22008.00623,22762.76505,23306.55958,23810.43167,24285.28265,25002.1191,24602.13363,23489.35501,23777.15576
cshapes/1498,1498,380,Italy,1946,2012,2161.679895,2555.551323,2735.258562,2948.366982,3171.70207,3450.709971,3590.602717,3829.820934,3947.212343,4189.735516,4368.007908,4590.974041,4822.883142,5130.814035,5456.190048,5852.674923,6203.007071,6531.859976,6727.938954,6963.939321,7366.023312,7872.31376,8382.405286,8879.374047,9366.59635,9489.247578,9795.126256,10413.54967,10913.87795,10618.98248,11307.66354,11541.91781,11869.49023,12532.28817,12927.018,13018.32219,13064.01326,13208.59719,13634.09493,14009.77272,14408.10528,14867.91937,15484.70301,15996.87735,16313.12751,16562.94803,16634.00746,16440.83835,16761.73957,17216.59527,17378.12044,17675.65493,17908.53959,18140.51642,18761.3716,19062.43992,19100.47105,19006.70849,19210.5197,19283.73317,19629.60635,19841.53867,19460.49585,18278.62558,18520.42512
cshapes/1571,1571,585,Palau,1994,2012,,,,,,,,,,,,,,,,,,,,,,,,,,,,,,,,,,,,,,,,,,,,,,,,,,,,,,,,,,,,,,,,,
nan,nan,nan,nan,nan,nan,,,,,,,,,,,,,,,,,,,,,,,,,,,,,,,,,,,,,,,,,,,,,,,,,,,,,,,,,,,,,,,,,
nan,nan,nan,nan,nan,nan,,,,,,,,,,,,,,,,,,,,,,,,,,,,,,,,,,,,,,,,,,,,,,,,,,,,,,,,,,,,,,,,,
nan,nan,nan,nan,nan,nan,,,,,,,,,,,,,,,,,,,,,,,,,,,,,,,,,,,,,,,,,,,,,,,,,,,,,,,,,,,,,,,,,
cshapes/1553,1553,51,Armenia,1991,2012,,,,,,,,,,,,,,,,,,,,,,,,,,,,6152,,,,,,,,,,,,,,,,,6065.837869,5262.820438,3116.59015,2971.060506,3237.162078,3524.887984,3738.15695,3867.855508,4165.177181,4302.921624,4564.18608,5025.092565,5807.805377,6649.989506,7371.516635,8417.436052,9549.273108,10879.47437,11647.33762,10004.59724,10215.01955
cshapes/1492,1492,562,Niger,1960,2012,,,,,617,630,642,654,667,679,692,704,717,729,761,777,841,905,888,935,904,889,877,832,839,867,804,652,693,659,648,682,756,791,810,801,772,740,600,596,608,572,589,574,546.9456357,544.4451188,494.183096,486.3244932,490.4591313,443.5422123,451.0650477,439.1940745,479.2910058,468.3320955,441.2268786,460.6442042,468.6935777,484.4517487,463.6886699,484.997248,494.91298,492.3886882,520.7162756,498.1524998,519.461839
cshapes/1418,1418,604,Peru,1946,2012,2005.049088,2026.751241,2058.56833,2176.619568,2307.631838,2425.698295,2487.384278,2578.5644,2582.810465,2702.992562,2751.294231,2809.503504,2742.984239,2682.494978,2969.086698,3142.158062,3280.559121,3334.441796,3465.159061,3593.958473,3788.35916,3830.550106,3685.476114,3676.48549,3854.223516,3915.818489,3929.643776,4022.842728,4119.337631,4325.977121,4270.606187,4156.947371,4049.06692,4180.79758,4262.834905,4342.375509,4247.124856,3594.104674,3675.661459,3666.066282,3946.008562,4192.209073,3766.441333,3237.01007,3008.287037,3028.228592,2952.726822,3029.957422,3351.227492,3572.673534,3598.829886,3782.662138,3699.835546,3679.949573,3736.817805,3695.381389,3831.403056,3936.927389,4084.059556,4313.149559,4595.636714,4949.587582,5375.591721,5364.624918,5773.59548
nan,nan,nan,nan,nan,nan,,,,,,,,,,,,,,,,,,,,,,,,,,,,,,,,,,,,,,,,,,,,,,,,,,,,,,,,,,,,,,,,,
cshapes/1503,1503,300,Greece,1946,2012,1386,1763,1798,1869,1915,2062,2053,2309,2358,2514,2706,2859,2963,3040,3146,3393,3499,3841,4141,4509,4749,4951,5266,5766,6211,6624,7400,7655,7350,7722,8105,8255,8695,8904,8971,8896,8879,8866,9067,9316,9440,9375,9784,10111,10015.40041,10203.71032,10200.9495,9982.078397,10136.00413,10321.40033,10542.77241,10902.40012,11250.16278,11616.43106,12110.84552,12592.43379,12998.09692,13742.04848,14313.17874,14610.99983,15392.44353,15826.62341,15777.51002,15243.98483,14690.73316
cshapes/1452,1452,462,Maldives,1965,2012,,,,,,,,,,,,,,,,,,,,,,,,,,,,,,,,,,,,,,,,,,,,,,,,,,,,,,,,,,,,,,,,,
cshapes/1461,1461,364,Iran,1946,2012,,,,,1720,1674,1629,1588,1546,1504,1594,1767,1918,2024,2156,2272,2250,2426,2526,2753,2940,3176,3550,3897,4189,4577,5174,5462,5778,5883,6691,6402,5464,4817,3974,3693,4100,4459,4361,4299,3754,3584,3293,3327,3526.089256,3812.914513,3859.304296,3750.958159,3716.563533,3770.184939,3982.17805,4059.234779,4113.68326,4140.655039,4301.116077,4401.206278,4709.419725,5050.99288,5310.340488,5492.781617,5762.079371,6053.746138,6013.001898,6172.968465,6455.866194
cshapes/1431,1431,352,Iceland,1946,2012,,,,,,,,,,,,,,,,,,,,,,,,,,,,,,,,,,,,,,,,,,,,,,,,,,,,,,,,,,,,,,,,,
cshapes/1426,1426,212,Dominica,1978,2012,,,,,,,,,,,,,,,,,,,,,,,,,,,,,,,,,,,,,,,,,,,,,,,,,,,,,,,,,,,,,,,,,
nan,nan,nan,nan,nan,nan,,,,,,,,,,,,,,,,,,,,,,,,,,,,,,,,,,,,,,,,,,,,,,,,,,,,,,,,,,,,,,,,,
cshapes/1458,1458,854,Burkina Faso,1960,2012,,,,,474,487,500,512,526,539,554,568,583,598,609,630,665,652,662,682,679,731,746,752,745,765,786,735,710,670,652,684,746,736,731,744,742,715,708,780,878,838,880,842,807.0766316,851.6347016,825.6513452,826.2359678,807.9796043,825.5186927,887.9863173,915.2094793,952.2694894,979.928394,977.1336109,1002.635522,1000.918557,1039.407932,1052.699604,1108.882478,1142.101003,1152.475777,1182.091539,1179.884963,1234.090289
cshapes/1519,1519,56,Belgium,1946,2012,4574,4800,5024,5193,5462,5747,5668,5818,6029,6280,6422,6495,6442,6608,6952,7253,7583,7862,8341,8559,8776,9072,9416,10018,10611,10970,11503,12170,12643,12441,13122,13190,13554,13861,14467,14279,14474,14474,14833,14977,15195,15541,16252,16744,17196.97752,17450.63067,17645.19761,17406.49234,17901.6676,18269.83317,18487.35673,19138.65972,19474.91101,20127.57653,20809.35869,20920.25112,21162.97468,21294.78977,21954.94807,22304.69039,22867.0218,23496.54213,23701.29614,23020.27205,23556.8231
cshapes/1484,1484,20,Andorra,1993,2012,,,,,,,,,,,,,,,,,,,,,,,,,,,,,,,,,,,,,,,,,,,,,,,,,,,,,,,,,,,,,,,,,
cshapes/1407,1407,68,Bolivia,1946,2012,1700.312175,1710.219479,1727.118644,1743.297587,1919.358734,2012.631093,2030.64875,1800.019559,1798.82239,1853.423417,1705.920882,1613.767997,1615.90297,1575.184926,1606.255895,1603.002976,1654.18354,1720.39818,1761.924004,1805.717934,1891.027542,1962.053276,2078.728332,2119.61125,2176.374954,2204.421234,2260.466347,2356.876385,2418.144213,2515.914728,2647.029387,2691.095329,2714.510295,2651.595716,2571.996608,2547.05671,2394.091408,2249.263347,2234.03247,2180.815797,2074.039743,2088.568765,2124.407385,2138.363899,2197.477905,2259.057444,2242.299574,2284.705586,2338.151663,2394.4178,2445.935974,2513.487067,2584.89356,2542.020744,2551.861478,2541.382381,2551.181213,2567.288217,2621.243102,2683.750802,2758.741625,2830.728819,2949.908658,2994.66919,3064.279984
cshapes/1548,1548,36,Australia,1946,2012,6595,6664,6967,7237,7412,7507,7418,7505,7791,8027,8108,8090,8305,8628,8791,8653,9027,9400,9849,10152,10241,10733,11148,11561,12024,12290,12404,12878,12985,13170,13559,13546,13769,14320,14412,14660,14412,14239,15062,15638,15757,16293,16752,17194,17172.68224,16743.32399,16988.87401,17478.18521,18145.56849,18529.55821,19075.08248,19612.09177,20377.94976,20970.89429,21377.82313,21662.02567,22236.93527,22666.27779,23322.00788,23764.61369,24097.57345,24911.57787,25218.30189,25255.63884,25584.48836
cshapes/1459,1459,492,Monaco,1993,2012,,,,,,,,,,,,,,,,,,,,,,,,,,,,,,,,,,,,,,,,,,,,,,,,,,,,,,,,,,,,,,,,,
nan,nan,nan,nan,nan,nan,,,,,,,,,,,,,,,,,,,,,,,,,,,,,,,,,,,,,,,,,,,,,,,,,,,,,,,,,,,,,,,,,
cshapes/1513,1513,348,Hungary,1946,2012,1721,1774,2200,2354,2480,2695,2762,2786,2850,3070,2906,3169,3367,3484,3649,3816,3962,4168,4388,4410,4646,4894,4934,5062,5028,5238,5336,5596,5716,5805,5791,6126,6253,6251,6306,6351,6583,6525,6710,6557,6699,6814,7031,6903,6458.809782,5676.131801,5510.026437,5506.400272,5687.114616,5780.662224,5802.102483,6000.946278,6263.239677,6481.813597,6771.783594,7035.298368,7364.785944,7664.11679,8047.233041,8378.728765,8715.09625,8735.562171,8825.764834,8236.675304,8352.683155
cshapes/1528,1528,112,Belarus,1991,2012,,,,,,,,,,,,,,,,,,,,,,,,,,,,5233,,,,,,,,,,,,,,,,,7194.294677,7091.330246,6393.391558,5896.978843,5214.158953,4684.558997,4830.841501,5404.983074,5882.776852,6102.636076,6475.26647,6804.255783,7177.060984,7717.82633,8642.733145,9506.167024,10502.3627,11438.89429,12638.33437,12678.31063,13658.55457
nan,nan,nan,nan,nan,nan,,,,,,,,,,,,,,,,,,,,,,,,,,,,,,,,,,,,,,,,,,,,,,,,,,,,,,,,,,,,,,,,,
nan,nan,nan,nan,nan,nan,,,,,,,,,,,,,,,,,,,,,,,,,,,,,,,,,,,,,,,,,,,,,,,,,,,,,,,,,,,,,,,,,
cshapes/1436,1436,332,Haiti,1946,2012,1042,1048,1046,1046,1051,1050,1091,1039,1105,1042,1113,1028,1088,1017,1062,999,1073,983,941,931,907,870,886,896,919,969,995,1025,1075,1035,1107,1096,1132,1196,1268,1213,1152,1141,1123,1104,1082,1052,1039,1028,1005,988,836,801,719,740,755,760,762,769,761,740,722,711,673,672,679,689,686,,
cshapes/1575,1575,104,Myanmar,1948,2012,,,,,396,446,449,454,419,467,490,510,488,555,564,567,606,613,612,617,580,586,612,626,642,650,642,628,648,663,692,720,756,778,828,859,889,910,936,945,919,867,757,774,785.7197462,767.0299519,828.8315784,865.5085724,913.4399328,959.6663546,1004.760303,1046.11896,1090.08369,1192.052231,1337.126672,1468.924838,1624.131253,1825.409519,2047.398362,2297.167751,2568.15625,2843.314358,3106.554741,3396.957171,3708.939177
nan,nan,nan,nan,nan,nan,,,,,,,,,,,,,,,,,,,,,,,,,,,,,,,,,,,,,,,,,,,,,,,,,,,,,,,,,,,,,,,,,
cshapes/1469,1469,262,Djibouti,1977,2012,,,,,1500,1546,1554,1575,1622,1632,1651,1668,1665,1711,1771,1783,1759,1774,1758,1754,1761,1758,1746,1742,2069,2142,2150,2185,2080,2065,2154,1794,1724,1687,1661,1674,1676,1643,1802,1758,1717,1677,1597,1502,1447.739341,1419.540705,1383.772998,1299.027348,1256.992955,1194.530078,1121.783636,1103.113604,1091.894401,1106.664134,1102.54351,1105.583195,1110.823037,1124.406624,1130.86314,1143.269499,1173.617249,1208.765971,1254.392844,,
cshapes/1462,1462,324,Guinea,1958,2012,,,,,303,317,322,329,343,349,357,363,368,383,392,411,433,403,421,442,443,448,453,458,465,470,471,482,506,517,556,557,561,551,558,550,549,544,535,519,516,519,537,545,540.0058708,516.3387142,514.9182526,525.5743283,529.8890316,537.0888816,545.7329539,566.4185788,584.9538241,593.2991048,591.4677514,610.1991654,616.4099309,607.0443644,608.4499306,614.2851056,616.6453147,613.1118788,627.6443534,,
cshapes/1570,1570,408,North Korea,1948,2012,,,,,853.8570858,708.9837717,752.9196362,965.9816643,1012.97218,1053.914468,1036.010242,1086.981815,1111.906685,1119.935103,1104.99428,1123.990877,1121.960772,1186.046914,1253.048369,1294.997258,1414.993304,1482.99807,1632.965322,1838.975929,1954.010314,2522.106635,2560.948705,2824.310773,2840.892963,2840.967343,2840.921643,2840.924405,2841.029548,2840.924948,2841.06945,2841.001914,2841.079408,2840.999465,2841.009013,2840.961355,2840.917414,2841.056593,2840.978753,2841.032898,2841.06548,2841.007597,2577.858785,2541.303417,1850.441147,1521.223737,1253.866814,1175.988229,1185.105343,1199.407376,1190.30543,1177.497871,1165.70751,1155.798538,1147.612691,1140.163636,1133.373677,1127.18243,1121.631323,,
cshapes/1481,1481,643,Russia,1991,2012,,,,,,,,,,,,,,,,,,,,,,,,,,,,6582,,,,,,,,,,,,,,,,,7778.716387,7373.529931,6298.196059,5748.531187,5013.974312,4803.999269,4635.70545,4706.804064,4461.810214,4759.830531,5260.95947,5555.996646,5851.726985,6313.039019,6800.699624,7268.675928,7893.474367,8584.899925,9038.485524,8328.212679,8660.219749
nan,nan,nan,nan,nan,nan,,,,,,,,,,,,,,,,,,,,,,,,,,,,,,,,,,,,,,,,,,,,,,,,,,,,,,,,,,,,,,,,,
cshapes/1480,1480,578,Norway,1946,2012,4335,4864,5144,5227,5430,5670,5814,5985,6226,6301,6575,6711,6652,6874,7204,7595,7746,7982,8316,8690,8945,9423,9551,9899,10027,10472,10922,11324,11726,12271,12930,13425,13840,14411,15076,15169,15145,15636,16513,17320,17882,18164,18059,18157,18466.01022,18951.36247,19506.31771,19930.8412,20818.4862,21578.25469,22563.88544,23649.02047,24135.28037,24455.05648,25087.59906,25457.66301,25723.89259,25863.90438,26775.76204,27358.44887,27921.17454,28555.95482,28464.30801,27893.19907,27987.20145
cshapes/1543,1543,144,Sri Lanka,1948,2012,1050,1073,1159,1199,1253,1293,1313,1299,1296,1337,1312,1297,1301,1285,1295,1286,1297,1291,1320,1329,1284,1368,1437,1461,1499,1457,1460,1492,1517,1527,1546,1620,1690,1766,1830,1913,1977,2050,2125,2186,2263,2252,2279,2307,2423.772306,2519.45006,2599.279201,2739.880565,2852.142177,2970.887102,3046.892127,3204.964633,3320.668577,3421.497339,3578.78931,3489.12323,3587.939245,3756.717209,3916.586535,4125.986081,4396.872369,4650.713902,4882.224755,5011.014513,5360.162536
cshapes/1582,1582,508,Mozambique,1975,2012,,,,,1133,1155,1178,1199,1207,1259,1242,1246,1280,1323,1327,1337,1400,1321,1349,1351,1364,1425,1549,1693,1743,1816,1823,1873,1684,1404,1295,1263,1235,1215,1220,1217,1162,1063,1022,920,928,980,1067,1114,1113.56113,1166.903473,1089.443462,1144.481712,1128.803582,1085.213895,1207.953557,1307.675134,1427.706725,1513.246455,1503.019121,1650.594518,1764.046837,1838.074211,1940.392817,2057.932528,2188.291506,2296.448607,2399.486578,2495.316514,2613.026676
nan,nan,nan,nan,nan,nan,,,,,,,,,,,,,,,,,,,,,,,,,,,,,,,,,,,,,,,,,,,,,,,,,,,,,,,,,,,,,,,,,
cshapes/1650,1650,729,Sudan,2011,2012,,,,,,,,,,,,,,,,,,,,,,,,,,,,,,,,,,,,,,,,,,,,,,,,,,,,,,,,,,,,,,,,,
cshapes/1556,1556,417,Kyrgyzstan,1991,2012,,,,,,,,,,,,,,,,,,,,,,,,,,,,3727,,,,,,,,,,,,,,,,,3602.290022,3272.274333,2790.712543,2364.099462,1892.329948,1772.36343,1871.419339,2028.830521,2043.396723,2089.283021,2178.562252,2276.188186,2258.94309,2396.061986,2537.255357,2507.92959,2561.681526,2757.883304,2965.256004,3016.971028,2947.242038
cshapes/1445,1445,804,Ukraine,1991,2012,,,,,,,,,,,,,,,,,,,,,,,,,,,,4924,,,,,,,,,,,,,,,,,6026.700099,5491.081735,4931.686243,4228.929837,3274.761553,2898.788149,2629.956354,2573.792621,2545.503697,2564.62705,2742.289352,3026.206059,3214.964068,3552.246518,4014.231997,4154.00606,4491.686474,4881.960988,5027.617809,4313.175887,4524.212694
nan,nan,nan,nan,nan,nan,,,,,,,,,,,,,,,,,,,,,,,,,,,,,,,,,,,,,,,,,,,,,,,,,,,,,,,,,,,,,,,,,
cshapes/1546,1546,626,Timor Leste,2002,2012,,,,,,,,,,,,,,,,,,,,,,,,,,,,,,,,,,,,,,,,,,,,,,,,,,,,,,,,,,,,,,,,,
cshapes/1527,1527,180,"Congo, DRC",1960,2012,,,,,570,624,668,693,720,734,768,776,738,747,748,653,767,783,747,738,768,738,746,792,768,795,775,819,823,761,697,681,623,603,598,596,577,570,585,570,579,576,561,540,510.1996391,451.3942648,391.3063272,327.310236,303.9097627,293.5754035,284.3393781,265.5948343,255.3766265,237.0677961,214.1647649,203.4133202,204.2569568,210.0465026,217.7640233,227.9619402,233.662755,241.2136785,248.9721943,249.1461725,260.0030947
cshapes/1479,1479,398,Kazakhstan,1991,2012,,,,,,,,,,,,,,,,,,,,,,,,,,,,7625,,,,,,,,,,,,,,,,,7457.862573,6587.551127,6215.455984,5664.415614,5021.8047,4686.862502,4754.774363,4891.08396,4862.241837,5035.261221,5536.551504,6264.145633,6849.655275,7448.790583,8109.691421,8822.363349,9669.759208,10417.70178,10638.79913,10630.07146,11258.1654
cshapes/1507,1507,634,Qatar,1971,2012,,,,,30387,30523,30107,30919,32302,31137,31762,31351,31394,32896,32810,30437,29049,28176,26466,25785,31782,34860,36393,35280,32573,37473,39157,42916,36132,34421,34611,28858,29531,28737,28771,23405,18222,14521,12769,10388,8081,8042,7837,7614,7343.151099,6913.353257,7236.649061,6971.441321,6885.081635,6921.588808,7233.063083,8904.429897,9194.700674,9210.774851,9724.119085,9852.926282,9706.37957,9867.479267,10352.49741,9445.119271,10348.72787,10781.85968,11346.99708,11484.21561,12228.58838
nan,nan,nan,nan,nan,nan,,,,,,,,,,,,,,,,,,,,,,,,,,,,,,,,,,,,,,,,,,,,,,,,,,,,,,,,,,,,,,,,,
cshapes/1478,1478,400,Jordan,1946,2012,,,,,1663,1695,1726,1757,1787,1625,2139,2104,2220,2287,2330,2685,2620,2649,2981,3183,3137,3059,2674,2773,2395,2366,2355,2388,2506,2583,3096,3182,3718,3919,4480,4502,4643,4556,4767,4754,5002,4963,4750,4103,3792.400484,3462.993931,3718.866817,3772.271309,3865.703219,4015.071919,3997.626153,4032.921538,4061.785699,4107.880075,4188.624187,4311.66932,4459.967724,4542.705408,4821.406743,5097.795604,5145.450461,5213.359003,5466.899188,5640.749189,5646.672137
cshapes/1441,1441,222,El Salvador,1946,2012,1095,1362,1707,1525,1489,1480,1550,1616,1589,1624,1701,1740,1725,1748,1764,1769,1920,1941,2058,2101,2172,2216,2210,2206,2187,2222,2298,2342,2436,2504,2532,2613,2715,2605,2354,2186,2084,2076,2091,2105,2089,2105,2106,2092,2119,2142,2259,2362,2459,2563,2561,2620,2668,2706,2714,2709,2719,2731,2733,2768,2835,2917,2940,,
cshapes/1471,1471,232,Eritrea,1993,2012,,,,,,,,,,,,,,,,,,,,,,,,,,,,,,,,,,,,,,,,,,,,,,,,,,,,,,,,,,,,,,,,,
cshapes/1545,1545,860,Uzbekistan,1991,2012,,,,,,,,,,,,,,,,,,,,,,,,,,,,5097,,,,,,,,,,,,,,,,,4260.496834,4140.687778,3589.007885,3424.459404,3178.024709,3086.139343,3077.692318,3179.828449,3263.409246,3354.238652,3434.388309,3532.010232,3626.984297,3736.303072,3970.634512,4205.069763,4474.829235,4851.297016,5236.523321,5607.166752,6027.069994
nan,nan,nan,nan,nan,nan,,,,,,,,,,,,,,,,,,,,,,,,,,,,,,,,,,,,,,,,,,,,,,,,,,,,,,,,,,,,,,,,,
cshapes/1516,1516,894,Zambia,1964,2012,,,,,661,688,715,743,772,736,803,817,776,915,960,938,905,902,996,1147,1056,1107,1092,1056,1073,1042,1105,1062,1114,1041,1071,990,967,910,911,936,877,828,796,784,762,755,777,762,806.2474147,778.9116932,773.4010073,752.4368273,635.6229299,602.1362328,627.6836502,630.4407706,601.7004234,598.3340823,601.6444256,612.6382181,616.5487173,632.4973112,650.5411234,668.1623219,691.1682135,714.2593927,734.2203085,760.2574598,795.3688777
nan,nan,nan,nan,nan,nan,,,,,,,,,,,,,,,,,,,,,,,,,,,,,,,,,,,,,,,,,,,,,,,,,,,,,,,,,,,,,,,,,
nan,nan,nan,nan,nan,nan,,,,,,,,,,,,,,,,,,,,,,,,,,,,,,,,,,,,,,,,,,,,,,,,,,,,,,,,,,,,,,,,,
nan,nan,nan,nan,nan,nan,,,,,,,,,,,,,,,,,,,,,,,,,,,,,,,,,,,,,,,,,,,,,,,,,,,,,,,,,,,,,,,,,
nan,nan,nan,nan,nan,nan,,,,,,,,,,,,,,,,,,,,,,,,,,,,,,,,,,,,,,,,,,,,,,,,,,,,,,,,,,,,,,,,,
cshapes/1616,1616,702,Singapore,1965,2012,,,,,2615,2587,2027,2445,2471,2291,2677,2405,2393,2402,2310,2422,2520,2701,2541,2667,2891,3163,3540,3965,4439,4904,5460,5977,6276,6430,6797,7224,7752,8362,9058,9450,9654,10298,10938,10710,10900,11743,12718,13475,14220.07811,14638.26804,15167.15244,16383.75716,17572.98616,18310.08108,19159.70963,20231.11551,19286.96284,19983.13275,21263.31113,20482.75804,20786.41786,21196.7877,22584.6922,23683.23223,25169.52792,26783.06567,26638.21515,25825.73721,29037.56145
