"","country","year","gdp","growth"
"1","Belgium",1996,19300,0.0265957446808511
"2","Bulgaria",1996,3900,-0.152173913043478
"3","Czech Republic",1996,12100,0.0803571428571428
"4","Denmark",1996,20400,0.0569948186528497
"5","Germany",1996,19500,0.0372340425531914
"6","Estonia",1996,5800,0.0943396226415094
"7","Ireland",1996,16600,0.0921052631578947
"8","Greece",1996,11500,0.0454545454545454
"9","Spain",1996,14200,0.0597014925373134
"10","France",1996,17600,0.0352941176470589
"11","Croatia",1996,7600,0.134328358208955
"12","Italy",1996,18600,0.0449438202247192
"13","Cyprus",1996,13300,0.0390625
"14","Latvia",1996,5000,0.0869565217391304
"15","Lithuania",1996,5600,0.0769230769230769
"16","Luxembourg",1996,34000,0.0461538461538462
"17","Hungary",1996,7900,0.0533333333333332
"18","Malta",1996,12600,-0.0307692307692308
"19","Netherlands",1996,19200,0.0607734806629834
"20","Austria",1996,20600,0.0456852791878173
"21","Poland",1996,6900,0.0952380952380953
"22","Portugal",1996,11900,0.0530973451327434
"23","Romania",1996,5100,0.0625
"24","Slovenia",1996,11700,0.073394495412844
"25","Slovakia",1996,7600,0.0857142857142856
"26","Finland",1996,16300,0.0316455696202531
"27","Sweden",1996,19200,0.0491803278688525
"28","United Kingdom",1996,18000,0.0650887573964498
"29","Iceland",1996,20500,0.0512820512820513
"30","Liechtenstein",1996,NA,NA
"31","Norway",1996,22000,0.111111111111111
"32","Switzerland",1996,23700,0.034934497816594
"33","Former Yugoslav Republic of Macedonia",1996,NA,NA
"34","Serbia",1996,NA,NA
"35","Turkey",1996,4800,0.0909090909090908
"36","United States",1996,25400,0.053941908713693
"37","Japan",1996,20200,0.0520833333333333
"38","Belgium",1997,20400,0.0569948186528497
"39","Bulgaria",1997,4100,0.0512820512820513
"40","Czech Republic",1997,12300,0.0165289256198347
"41","Denmark",1997,21600,0.0588235294117647
"42","Germany",1997,20100,0.0307692307692307
"43","Estonia",1997,6800,0.172413793103448
"44","Ireland",1997,18600,0.120481927710843
"45","Greece",1997,12200,0.0608695652173914
"46","Spain",1997,15100,0.0633802816901408
"47","France",1997,18500,0.0511363636363635
"48","Croatia",1997,8200,0.0789473684210527
"49","Italy",1997,19400,0.043010752688172
"50","Cyprus",1997,13800,0.0375939849624061
"51","Latvia",1997,5600,0.12
"52","Lithuania",1997,6200,0.107142857142857
"53","Luxembourg",1997,34800,0.0235294117647058
"54","Hungary",1997,8500,0.0759493670886076
"55","Malta",1997,13500,0.0714285714285714
"56","Netherlands",1997,20600,0.0729166666666667
"57","Austria",1997,21400,0.0388349514563107
"58","Poland",1997,7600,0.101449275362319
"59","Portugal",1997,12700,0.0672268907563025
"60","Romania",1997,4700,-0.0784313725490197
"61","Slovenia",1997,12700,0.0854700854700854
"62","Slovakia",1997,8300,0.0921052631578947
"63","Finland",1997,17900,0.0981595092024541
"64","Sweden",1997,20000,0.0416666666666667
"65","United Kingdom",1997,19500,0.0833333333333333
"66","Iceland",1997,22300,0.0878048780487806
"67","Liechtenstein",1997,NA,NA
"68","Norway",1997,23900,0.0863636363636364
"69","Switzerland",1997,25000,0.0548523206751055
"70","Former Yugoslav Republic of Macedonia",1997,4300,NA
"71","Serbia",1997,NA,NA
"72","Turkey",1997,5300,0.104166666666667
"73","United States",1997,26900,0.0590551181102361
"74","Japan",1997,21000,0.0396039603960396
"75","Belgium",1998,20800,0.0196078431372548
"76","Bulgaria",1998,4700,0.146341463414634
"77","Czech Republic",1998,12300,0
"78","Denmark",1998,22300,0.0324074074074074
"79","Germany",1998,20700,0.0298507462686568
"80","Estonia",1998,7200,0.0588235294117647
"81","Ireland",1998,20500,0.102150537634409
"82","Greece",1998,12600,0.0327868852459017
"83","Spain",1998,16200,0.0728476821192052
"84","France",1998,19500,0.0540540540540539
"85","Croatia",1998,8600,0.0487804878048781
"86","Italy",1998,20400,0.0515463917525774
"87","Cyprus",1998,14600,0.0579710144927537
"88","Latvia",1998,6200,0.107142857142857
"89","Lithuania",1998,6800,0.096774193548387
"90","Luxembourg",1998,36900,0.0603448275862069
"91","Hungary",1998,9100,0.0705882352941176
"92","Malta",1998,14100,0.0444444444444445
"93","Netherlands",1998,21800,0.058252427184466
"94","Austria",1998,22400,0.0467289719626167
"95","Poland",1998,8100,0.0657894736842106
"96","Portugal",1998,13400,0.0551181102362204
"97","Romania",1998,4500,-0.0425531914893617
"98","Slovenia",1998,13400,0.0551181102362204
"99","Slovakia",1998,8800,0.0602409638554218
"100","Finland",1998,19300,0.0782122905027933
"101","Sweden",1998,20900,0.0449999999999999
"102","United Kingdom",1998,20200,0.035897435897436
"103","Iceland",1998,23800,0.0672645739910314
"104","Liechtenstein",1998,NA,NA
"105","Norway",1998,23400,-0.0209205020920502
"106","Switzerland",1998,25800,0.032
"107","Former Yugoslav Republic of Macedonia",1998,4500,0.0465116279069768
"108","Serbia",1998,NA,NA
"109","Turkey",1998,7300,0.377358490566038
"110","United States",1998,28100,0.0446096654275092
"111","Japan",1998,20800,-0.00952380952380949
"112","Belgium",1999,21900,0.0528846153846154
"113","Bulgaria",1999,4900,0.0425531914893618
"114","Czech Republic",1999,12800,0.0406504065040652
"115","Denmark",1999,23300,0.0448430493273542
"116","Germany",1999,21600,0.0434782608695652
"117","Estonia",1999,7600,0.0555555555555556
"118","Ireland",1999,22400,0.0926829268292684
"119","Greece",1999,13200,0.0476190476190477
"120","Spain",1999,17100,0.0555555555555556
"121","France",1999,20400,0.0461538461538462
"122","Croatia",1999,8600,0
"123","Italy",1999,21000,0.0294117647058822
"124","Cyprus",1999,15400,0.0547945205479452
"125","Latvia",1999,6400,0.032258064516129
"126","Lithuania",1999,6900,0.0147058823529411
"127","Luxembourg",1999,42300,0.146341463414634
"128","Hungary",1999,9500,0.043956043956044
"129","Malta",1999,14900,0.0567375886524824
"130","Netherlands",1999,23300,0.0688073394495412
"131","Austria",1999,23500,0.0491071428571428
"132","Poland",1999,8600,0.0617283950617284
"133","Portugal",1999,14500,0.0820895522388059
"134","Romania",1999,4700,0.0444444444444445
"135","Slovenia",1999,14400,0.0746268656716418
"136","Slovakia",1999,9000,0.0227272727272727
"137","Finland",1999,20400,0.0569948186528497
"138","Sweden",1999,22400,0.0717703349282297
"139","United Kingdom",1999,21200,0.0495049504950495
"140","Iceland",1999,24700,0.0378151260504203
"141","Liechtenstein",1999,NA,NA
"142","Norway",1999,25700,0.0982905982905984
"143","Switzerland",1999,26400,0.0232558139534884
"144","Former Yugoslav Republic of Macedonia",1999,4800,0.0666666666666667
"145","Serbia",1999,NA,NA
"146","Turkey",1999,7100,-0.0273972602739726
"147","United States",1999,29900,0.0640569395017794
"148","Japan",1999,21200,0.0192307692307692
"149","Belgium",2000,24000,0.095890410958904
"150","Bulgaria",2000,5400,0.102040816326531
"151","Czech Republic",2000,13500,0.0546875
"152","Denmark",2000,25000,0.0729613733905579
"153","Germany",2000,22400,0.037037037037037
"154","Estonia",2000,8600,0.131578947368421
"155","Ireland",2000,25100,0.120535714285714
"156","Greece",2000,16000,0.212121212121212
"157","Spain",2000,18500,0.0818713450292399
"158","France",2000,21900,0.0735294117647058
"159","Croatia",2000,9500,0.104651162790698
"160","Italy",2000,22300,0.0619047619047619
"161","Cyprus",2000,16700,0.0844155844155845
"162","Latvia",2000,6900,0.078125
"163","Lithuania",2000,7500,0.0869565217391304
"164","Luxembourg",2000,46500,0.0992907801418439
"165","Hungary",2000,10300,0.0842105263157895
"166","Malta",2000,16500,0.107382550335571
"167","Netherlands",2000,25500,0.094420600858369
"168","Austria",2000,25100,0.0680851063829788
"169","Poland",2000,9200,0.069767441860465
"170","Portugal",2000,15400,0.0620689655172413
"171","Romania",2000,5000,0.0638297872340425
"172","Slovenia",2000,15200,0.0555555555555556
"173","Slovakia",2000,9500,0.0555555555555556
"174","Finland",2000,22300,0.0931372549019607
"175","Sweden",2000,24300,0.0848214285714286
"176","United Kingdom",2000,22900,0.0801886792452831
"177","Iceland",2000,25000,0.0121457489878543
"178","Liechtenstein",2000,NA,NA
"179","Norway",2000,31400,0.221789883268483
"180","Switzerland",2000,28100,0.0643939393939394
"181","Former Yugoslav Republic of Macedonia",2000,5100,0.0625
"182","Serbia",2000,NA,NA
"183","Turkey",2000,8000,0.126760563380282
"184","United States",2000,31600,0.0568561872909699
"185","Japan",2000,22500,0.0613207547169812
"186","Belgium",2001,24500,0.0208333333333333
"187","Bulgaria",2001,5900,0.0925925925925926
"188","Czech Republic",2001,14400,0.0666666666666667
"189","Denmark",2001,25200,0.00800000000000001
"190","Germany",2001,22900,0.0223214285714286
"191","Estonia",2001,9200,0.069767441860465
"192","Ireland",2001,26200,0.0438247011952191
"193","Greece",2001,17100,0.0687500000000001
"194","Spain",2001,19400,0.0486486486486486
"195","France",2001,22800,0.0410958904109588
"196","Croatia",2001,10000,0.0526315789473684
"197","Italy",2001,23400,0.0493273542600896
"198","Cyprus",2001,17800,0.0658682634730539
"199","Latvia",2001,7600,0.101449275362319
"200","Lithuania",2001,8300,0.106666666666667
"201","Luxembourg",2001,46200,-0.00645161290322582
"202","Hungary",2001,11500,0.116504854368932
"203","Malta",2001,16100,-0.0242424242424243
"204","Netherlands",2001,26400,0.0352941176470589
"205","Austria",2001,24900,-0.00796812749003983
"206","Poland",2001,9400,0.0217391304347827
"207","Portugal",2001,15900,0.0324675324675325
"208","Romania",2001,5500,0.1
"209","Slovenia",2001,15800,0.0394736842105263
"210","Slovakia",2001,10300,0.0842105263157895
"211","Finland",2001,22700,0.0179372197309418
"212","Sweden",2001,24200,-0.00411522633744854
"213","United Kingdom",2001,23900,0.0436681222707425
"214","Iceland",2001,26100,0.044
"215","Liechtenstein",2001,NA,NA
"216","Norway",2001,31800,0.0127388535031847
"217","Switzerland",2001,28300,0.00711743772241991
"218","Former Yugoslav Republic of Macedonia",2001,5000,-0.0196078431372549
"219","Serbia",2001,NA,NA
"220","Turkey",2001,7400,-0.075
"221","United States",2001,31900,0.009493670886076
"222","Japan",2001,22700,0.00888888888888895
"223","Belgium",2002,25600,0.0448979591836736
"224","Bulgaria",2002,6500,0.101694915254237
"225","Czech Republic",2002,15000,0.0416666666666667
"226","Denmark",2002,26200,0.0396825396825398
"227","Germany",2002,23400,0.0218340611353711
"228","Estonia",2002,10200,0.108695652173913
"229","Ireland",2002,28200,0.0763358778625953
"230","Greece",2002,18400,0.0760233918128654
"231","Spain",2002,20600,0.0618556701030928
"232","France",2002,23600,0.0350877192982457
"233","Croatia",2002,11100,0.11
"234","Italy",2002,23000,-0.0170940170940171
"235","Cyprus",2002,18100,0.0168539325842696
"236","Latvia",2002,8400,0.105263157894737
"237","Lithuania",2002,9100,0.0963855421686748
"238","Luxembourg",2002,49000,0.0606060606060606
"239","Hungary",2002,12500,0.0869565217391304
"240","Malta",2002,16800,0.0434782608695652
"241","Netherlands",2002,27200,0.0303030303030303
"242","Austria",2002,26000,0.0441767068273093
"243","Poland",2002,9900,0.053191489361702
"244","Portugal",2002,16300,0.0251572327044025
"245","Romania",2002,6000,0.0909090909090908
"246","Slovenia",2002,16800,0.0632911392405062
"247","Slovakia",2002,11100,0.0776699029126213
"248","Finland",2002,23500,0.0352422907488987
"249","Sweden",2002,25000,0.0330578512396693
"250","United Kingdom",2002,24800,0.0376569037656904
"251","Iceland",2002,26500,0.0153256704980842
"252","Liechtenstein",2002,NA,NA
"253","Norway",2002,31600,-0.00628930817610063
"254","Switzerland",2002,29300,0.0353356890459364
"255","Former Yugoslav Republic of Macedonia",2002,5200,0.04
"256","Serbia",2002,NA,NA
"257","Turkey",2002,7400,0
"258","United States",2002,32500,0.0188087774294672
"259","Japan",2002,23200,0.0220264317180616
"260","Belgium",2003,25600,0
"261","Bulgaria",2003,6900,0.0615384615384615
"262","Czech Republic",2003,15800,0.0533333333333332
"263","Denmark",2003,25700,-0.0190839694656488
"264","Germany",2003,23900,0.0213675213675213
"265","Estonia",2003,11300,0.107843137254902
"266","Ireland",2003,29300,0.0390070921985815
"267","Greece",2003,19200,0.0434782608695652
"268","Spain",2003,20900,0.0145631067961165
"269","France",2003,23000,-0.0254237288135594
"270","Croatia",2003,11700,0.0540540540540539
"271","Italy",2003,23000,0
"272","Cyprus",2003,18300,0.011049723756906
"273","Latvia",2003,9100,0.0833333333333333
"274","Lithuania",2003,10300,0.131868131868132
"275","Luxembourg",2003,51100,0.0428571428571429
"276","Hungary",2003,12900,0.032
"277","Malta",2003,17000,0.0119047619047619
"278","Netherlands",2003,26700,-0.0183823529411765
"279","Austria",2003,26400,0.0153846153846153
"280","Poland",2003,10100,0.0202020202020201
"281","Portugal",2003,16400,0.00613496932515334
"282","Romania",2003,6500,0.0833333333333333
"283","Slovenia",2003,17300,0.0297619047619047
"284","Slovakia",2003,11500,0.0360360360360361
"285","Finland",2003,23300,-0.00851063829787235
"286","Sweden",2003,25700,0.028
"287","United Kingdom",2003,25400,0.0241935483870968
"288","Iceland",2003,26000,-0.0188679245283019
"289","Liechtenstein",2003,NA,NA
"290","Norway",2003,32300,0.0221518987341771
"291","Switzerland",2003,28900,-0.0136518771331058
"292","Former Yugoslav Republic of Macedonia",2003,5400,0.0384615384615385
"293","Serbia",2003,NA,NA
"294","Turkey",2003,7400,0
"295","United States",2003,33400,0.0276923076923077
"296","Japan",2003,23600,0.0172413793103448
"297","Belgium",2004,26200,0.0234375
"298","Bulgaria",2004,7500,0.0869565217391304
"299","Czech Republic",2004,16900,0.0696202531645569
"300","Denmark",2004,27100,0.0544747081712063
"301","Germany",2004,25000,0.0460251046025104
"302","Estonia",2004,12400,0.0973451327433628
"303","Ireland",2004,30800,0.0511945392491469
"304","Greece",2004,20300,0.0572916666666667
"305","Spain",2004,21900,0.0478468899521531
"306","France",2004,23700,0.0304347826086957
"307","Croatia",2004,12500,0.0683760683760684
"308","Italy",2004,23100,0.0043478260869565
"309","Cyprus",2004,19600,0.0710382513661203
"310","Latvia",2004,10100,0.10989010989011
"311","Lithuania",2004,11100,0.0776699029126213
"312","Luxembourg",2004,54500,0.066536203522505
"313","Hungary",2004,13600,0.054263565891473
"314","Malta",2004,17200,0.0117647058823529
"315","Netherlands",2004,27900,0.0449438202247192
"316","Austria",2004,27600,0.0454545454545454
"317","Poland",2004,10900,0.0792079207920793
"318","Portugal",2004,16700,0.0182926829268293
"319","Romania",2004,7500,0.153846153846154
"320","Slovenia",2004,18700,0.0809248554913296
"321","Slovakia",2004,12300,0.0695652173913044
"322","Finland",2004,25100,0.0772532188841202
"323","Sweden",2004,27300,0.0622568093385214
"324","United Kingdom",2004,26900,0.0590551181102361
"325","Iceland",2004,28400,0.0923076923076922
"326","Liechtenstein",2004,NA,NA
"327","Norway",2004,35700,0.105263157894737
"328","Switzerland",2004,29900,0.0346020761245676
"329","Former Yugoslav Republic of Macedonia",2004,5900,0.0925925925925926
"330","Serbia",2004,NA,NA
"331","Turkey",2004,8500,0.148648648648649
"332","United States",2004,35200,0.0538922155688624
"333","Japan",2004,24700,0.0466101694915255
"334","Belgium",2005,26900,0.0267175572519085
"335","Bulgaria",2005,8200,0.0933333333333333
"336","Czech Republic",2005,17800,0.0532544378698225
"337","Denmark",2005,27700,0.0221402214022139
"338","Germany",2005,26000,0.04
"339","Estonia",2005,13800,0.112903225806452
"340","Ireland",2005,32400,0.051948051948052
"341","Greece",2005,20400,0.00492610837438434
"342","Spain",2005,22900,0.0456621004566211
"343","France",2005,24700,0.0421940928270041
"344","Croatia",2005,13200,0.056
"345","Italy",2005,23600,0.0216450216450217
"346","Cyprus",2005,20800,0.0612244897959184
"347","Latvia",2005,11100,0.0990099009900991
"348","Lithuania",2005,12300,0.108108108108108
"349","Luxembourg",2005,57000,0.0458715596330275
"350","Hungary",2005,14200,0.0441176470588236
"351","Malta",2005,18000,0.0465116279069768
"352","Netherlands",2005,29300,0.0501792114695341
"353","Austria",2005,28100,0.0181159420289856
"354","Poland",2005,11500,0.0550458715596329
"355","Portugal",2005,17900,0.0718562874251496
"356","Romania",2005,8000,0.0666666666666667
"357","Slovenia",2005,19600,0.0481283422459893
"358","Slovakia",2005,13500,0.0975609756097562
"359","Finland",2005,25700,0.0239043824701195
"360","Sweden",2005,27300,0
"361","United Kingdom",2005,27800,0.033457249070632
"362","Iceland",2005,29200,0.028169014084507
"363","Liechtenstein",2005,NA,NA
"364","Norway",2005,39800,0.11484593837535
"365","Switzerland",2005,30600,0.0234113712374582
"366","Former Yugoslav Republic of Macedonia",2005,6600,0.11864406779661
"367","Serbia",2005,7100,NA
"368","Turkey",2005,9500,0.117647058823529
"369","United States",2005,37000,0.0511363636363635
"370","Japan",2005,25400,0.0283400809716599
"371","Belgium",2006,27800,0.033457249070632
"372","Bulgaria",2006,9000,0.0975609756097562
"373","Czech Republic",2006,18900,0.0617977528089888
"374","Denmark",2006,29300,0.0577617328519855
"375","Germany",2006,27300,0.05
"376","Estonia",2006,15600,0.130434782608696
"377","Ireland",2006,34400,0.0617283950617284
"378","Greece",2006,21800,0.0686274509803921
"379","Spain",2006,24800,0.0829694323144106
"380","France",2006,25500,0.0323886639676114
"381","Croatia",2006,14100,0.0681818181818181
"382","Italy",2006,24700,0.0466101694915255
"383","Cyprus",2006,22000,0.0576923076923077
"384","Latvia",2006,12500,0.126126126126126
"385","Lithuania",2006,13600,0.105691056910569
"386","Luxembourg",2006,63800,0.119298245614035
"387","Hungary",2006,14900,0.0492957746478873
"388","Malta",2006,18600,0.0333333333333334
"389","Netherlands",2006,31000,0.0580204778156996
"390","Austria",2006,29700,0.0569395017793595
"391","Poland",2006,12300,0.0695652173913044
"392","Portugal",2006,18700,0.0446927374301676
"393","Romania",2006,9200,0.15
"394","Slovenia",2006,20700,0.0561224489795917
"395","Slovakia",2006,14900,0.103703703703704
"396","Finland",2006,26900,0.0466926070038911
"397","Sweden",2006,29000,0.0622710622710623
"398","United Kingdom",2006,28900,0.039568345323741
"399","Iceland",2006,29100,-0.00342465753424659
"400","Liechtenstein",2006,NA,NA
"401","Norway",2006,43800,0.100502512562814
"402","Switzerland",2006,32900,0.0751633986928104
"403","Former Yugoslav Republic of Macedonia",2006,7100,0.0757575757575757
"404","Serbia",2006,7700,0.0845070422535212
"405","Turkey",2006,10500,0.105263157894737
"406","United States",2006,37700,0.0189189189189189
"407","Japan",2006,25800,0.015748031496063
"408","Belgium",2007,28900,0.039568345323741
"409","Bulgaria",2007,10000,0.111111111111111
"410","Czech Republic",2007,20600,0.08994708994709
"411","Denmark",2007,30600,0.0443686006825939
"412","Germany",2007,28800,0.054945054945055
"413","Estonia",2007,17500,0.121794871794872
"414","Ireland",2007,36500,0.0610465116279071
"415","Greece",2007,22600,0.036697247706422
"416","Spain",2007,26200,0.0564516129032258
"417","France",2007,26900,0.0549019607843138
"418","Croatia",2007,15600,0.106382978723404
"419","Italy",2007,26000,0.0526315789473684
"420","Cyprus",2007,23500,0.0681818181818181
"421","Latvia",2007,14300,0.144
"422","Lithuania",2007,15500,0.139705882352941
"423","Luxembourg",2007,68400,0.0721003134796239
"424","Hungary",2007,15300,0.0268456375838926
"425","Malta",2007,19600,0.053763440860215
"426","Netherlands",2007,33000,0.064516129032258
"427","Austria",2007,30900,0.0404040404040404
"428","Poland",2007,13600,0.105691056910569
"429","Portugal",2007,19600,0.0481283422459893
"430","Romania",2007,10700,0.16304347826087
"431","Slovenia",2007,22100,0.067632850241546
"432","Slovakia",2007,16900,0.134228187919463
"433","Finland",2007,29300,0.0892193308550187
"434","Sweden",2007,31200,0.0758620689655172
"435","United Kingdom",2007,29400,0.0173010380622838
"436","Iceland",2007,30100,0.034364261168385
"437","Liechtenstein",2007,NA,NA
"438","Norway",2007,45300,0.0342465753424657
"439","Switzerland",2007,35900,0.0911854103343466
"440","Former Yugoslav Republic of Macedonia",2007,7700,0.0845070422535212
"441","Serbia",2007,8200,0.0649350649350648
"442","Turkey",2007,11300,0.0761904761904761
"443","United States",2007,38900,0.0318302387267904
"444","Japan",2007,27100,0.0503875968992249
"445","Belgium",2008,28900,0
"446","Bulgaria",2008,10900,0.0900000000000001
"447","Czech Republic",2008,20200,-0.0194174757281553
"448","Denmark",2008,31100,0.0163398692810457
"449","Germany",2008,29000,0.00694444444444442
"450","Estonia",2008,17200,-0.0171428571428571
"451","Ireland",2008,32900,-0.0986301369863014
"452","Greece",2008,23200,0.0265486725663717
"453","Spain",2008,25900,-0.0114503816793893
"454","France",2008,26700,-0.00743494423791824
"455","Croatia",2008,16200,0.0384615384615385
"456","Italy",2008,26000,0
"457","Cyprus",2008,24800,0.0553191489361702
"458","Latvia",2008,14600,0.020979020979021
"459","Lithuania",2008,16100,0.0387096774193549
"460","Luxembourg",2008,65800,-0.0380116959064327
"461","Hungary",2008,15900,0.0392156862745099
"462","Malta",2008,20300,0.0357142857142858
"463","Netherlands",2008,33500,0.0151515151515151
"464","Austria",2008,31100,0.00647249190938504
"465","Poland",2008,14100,0.036764705882353
"466","Portugal",2008,19500,-0.00510204081632648
"467","Romania",2008,12200,0.14018691588785
"468","Slovenia",2008,22700,0.0271493212669682
"469","Slovakia",2008,18100,0.0710059171597632
"470","Finland",2008,29700,0.0136518771331058
"471","Sweden",2008,30900,-0.00961538461538458
"472","United Kingdom",2008,28600,-0.0272108843537415
"473","Iceland",2008,30800,0.0232558139534884
"474","Liechtenstein",2008,NA,NA
"475","Norway",2008,47900,0.0573951434878588
"476","Switzerland",2008,37100,0.0334261838440111
"477","Former Yugoslav Republic of Macedonia",2008,8400,0.0909090909090908
"478","Serbia",2008,9000,0.0975609756097562
"479","Turkey",2008,11700,0.0353982300884956
"480","United States",2008,37700,-0.0308483290488432
"481","Japan",2008,26200,-0.033210332103321
"482","Belgium",2009,27600,-0.0449826989619377
"483","Bulgaria",2009,10300,-0.055045871559633
"484","Czech Republic",2009,19400,-0.0396039603960396
"485","Denmark",2009,28900,-0.0707395498392283
"486","Germany",2009,26900,-0.0724137931034483
"487","Estonia",2009,14900,-0.133720930232558
"488","Ireland",2009,30100,-0.0851063829787234
"489","Greece",2009,22300,-0.0387931034482759
"490","Spain",2009,24200,-0.0656370656370656
"491","France",2009,25500,-0.0449438202247191
"492","Croatia",2009,14900,-0.0802469135802469
"493","Italy",2009,24300,-0.0653846153846154
"494","Cyprus",2009,23400,-0.0564516129032258
"495","Latvia",2009,12700,-0.13013698630137
"496","Lithuania",2009,13600,-0.15527950310559
"497","Luxembourg",2009,59200,-0.100303951367781
"498","Hungary",2009,15300,-0.0377358490566038
"499","Malta",2009,19800,-0.0246305418719212
"500","Netherlands",2009,31000,-0.0746268656716418
"501","Austria",2009,29500,-0.0514469453376206
"502","Poland",2009,14200,0.00709219858156018
"503","Portugal",2009,18800,-0.0358974358974359
"504","Romania",2009,11700,-0.0409836065573771
"505","Slovenia",2009,20200,-0.110132158590308
"506","Slovakia",2009,17000,-0.0607734806629834
"507","Finland",2009,26900,-0.0942760942760943
"508","Sweden",2009,28200,-0.087378640776699
"509","United Kingdom",2009,26300,-0.0804195804195804
"510","Iceland",2009,28200,-0.0844155844155844
"511","Liechtenstein",2009,NA,NA
"512","Norway",2009,41400,-0.135699373695198
"513","Switzerland",2009,35200,-0.0512129380053908
"514","Former Yugoslav Republic of Macedonia",2009,8500,0.0119047619047619
"515","Serbia",2009,8400,-0.0666666666666667
"516","Turkey",2009,10900,-0.0683760683760684
"517","United States",2009,35100,-0.0689655172413793
"518","Japan",2009,24000,-0.083969465648855
"519","Belgium",2010,29400,0.0652173913043479
"520","Bulgaria",2010,10800,0.0485436893203883
"521","Czech Republic",2010,19700,0.0154639175257731
"522","Denmark",2010,31200,0.0795847750865053
"523","Germany",2010,29200,0.0855018587360594
"524","Estonia",2010,15800,0.0604026845637584
"525","Ireland",2010,31400,0.0431893687707641
"526","Greece",2010,21600,-0.031390134529148
"527","Spain",2010,24200,0
"528","France",2010,26600,0.0431372549019609
"529","Croatia",2010,14700,-0.0134228187919463
"530","Italy",2010,25100,0.0329218106995885
"531","Cyprus",2010,23600,0.00854700854700852
"532","Latvia",2010,13500,0.0629921259842521
"533","Lithuania",2010,15100,0.110294117647059
"534","Luxembourg",2010,64000,0.0810810810810811
"535","Hungary",2010,16100,0.0522875816993464
"536","Malta",2010,21300,0.0757575757575757
"537","Netherlands",2010,31700,0.0225806451612902
"538","Austria",2010,30900,0.047457627118644
"539","Poland",2010,15400,0.0845070422535212
"540","Portugal",2010,19600,0.0425531914893618
"541","Romania",2010,12400,0.0598290598290598
"542","Slovenia",2010,20600,0.0198019801980198
"543","Slovakia",2010,18100,0.0647058823529412
"544","Finland",2010,27900,0.037174721189591
"545","Sweden",2010,30200,0.0709219858156029
"546","United Kingdom",2010,26300,0
"547","Iceland",2010,27900,-0.0106382978723404
"548","Liechtenstein",2010,NA,NA
"549","Norway",2010,44000,0.0628019323671498
"550","Switzerland",2010,37200,0.0568181818181819
"551","Former Yugoslav Republic of Macedonia",2010,8900,0.0470588235294118
"552","Serbia",2010,8500,0.0119047619047619
"553","Turkey",2010,12200,0.119266055045872
"554","United States",2010,36800,0.0484330484330484
"555","Japan",2010,25700,0.0708333333333333
"556","Belgium",2011,30200,0.0272108843537415
"557","Bulgaria",2011,11700,0.0833333333333333
"558","Czech Republic",2011,20300,0.0304568527918783
"559","Denmark",2011,31500,0.00961538461538458
"560","Germany",2011,30800,0.0547945205479452
"561","Estonia",2011,17300,0.0949367088607596
"562","Ireland",2011,32300,0.0286624203821657
"563","Greece",2011,20300,-0.0601851851851852
"564","Spain",2011,24300,0.00413223140495877
"565","France",2011,27400,0.0300751879699248
"566","Croatia",2011,15200,0.0340136054421769
"567","Italy",2011,25500,0.0159362549800797
"568","Cyprus",2011,23500,-0.00423728813559321
"569","Latvia",2011,15000,0.111111111111111
"570","Lithuania",2011,16900,0.119205298013245
"571","Luxembourg",2011,66700,0.0421875
"572","Hungary",2011,16900,0.0496894409937889
"573","Malta",2011,21600,0.0140845070422535
"574","Netherlands",2011,32500,0.025236593059937
"575","Austria",2011,32300,0.0453074433656957
"576","Poland",2011,16400,0.0649350649350648
"577","Portugal",2011,19300,-0.0153061224489796
"578","Romania",2011,12900,0.0403225806451613
"579","Slovenia",2011,21200,0.029126213592233
"580","Slovakia",2011,18900,0.0441988950276244
"581","Finland",2011,29100,0.043010752688172
"582","Sweden",2011,31400,0.0397350993377483
"583","United Kingdom",2011,26400,0.00380228136882121
"584","Iceland",2011,28700,0.0286738351254481
"585","Liechtenstein",2011,NA,NA
"586","Norway",2011,46600,0.0590909090909091
"587","Switzerland",2011,38800,0.043010752688172
"588","Former Yugoslav Republic of Macedonia",2011,9000,0.0112359550561798
"589","Serbia",2011,8900,0.0470588235294118
"590","Turkey",2011,13400,0.098360655737705
"591","United States",2011,37400,0.0163043478260869
"592","Japan",2011,25800,0.00389105058365757
"593","Belgium",2012,30700,0.0165562913907285
"594","Bulgaria",2012,12100,0.0341880341880343
"595","Czech Republic",2012,20700,0.0197044334975369
"596","Denmark",2012,32100,0.019047619047619
"597","Germany",2012,31500,0.0227272727272727
"598","Estonia",2012,18300,0.0578034682080926
"599","Ireland",2012,32900,0.0185758513931888
"600","Greece",2012,19500,-0.0394088669950738
"601","Spain",2012,24400,0.00411522633744865
"602","France",2012,27700,0.0109489051094891
"603","Croatia",2012,15600,0.0263157894736843
"604","Italy",2012,25600,0.00392156862745097
"605","Cyprus",2012,23400,-0.00425531914893618
"606","Latvia",2012,16400,0.0933333333333333
"607","Lithuania",2012,18300,0.0828402366863905
"608","Luxembourg",2012,67100,0.00599700149925031
"609","Hungary",2012,17000,0.00591715976331364
"610","Malta",2012,22100,0.0231481481481481
"611","Netherlands",2012,32500,0
"612","Austria",2012,33100,0.0247678018575852
"613","Poland",2012,17100,0.0426829268292683
"614","Portugal",2012,19400,0.00518134715025909
"615","Romania",2012,13600,0.054263565891473
"616","Slovenia",2012,21400,0.00943396226415105
"617","Slovakia",2012,19400,0.0264550264550265
"618","Finland",2012,29400,0.0103092783505154
"619","Sweden",2012,32200,0.0254777070063694
"620","United Kingdom",2012,26600,0.00757575757575757
"621","Iceland",2012,29400,0.024390243902439
"622","Liechtenstein",2012,NA,NA
"623","Norway",2012,49700,0.0665236051502145
"624","Switzerland",2012,40300,0.0386597938144331
"625","Former Yugoslav Republic of Macedonia",2012,NA,NA
"626","Serbia",2012,9000,0.0112359550561798
"627","Turkey",2012,NA,NA
"628","United States",2012,39400,0.053475935828877
"629","Japan",2012,NA,NA
"630","Belgium",2013,30500,-0.00651465798045603
"631","Bulgaria",2013,12000,-0.00826446280991733
"632","Czech Republic",2013,20600,-0.00483091787439616
"633","Denmark",2013,32100,0
"634","Germany",2013,32000,0.0158730158730158
"635","Estonia",2013,18800,0.0273224043715847
"636","Ireland",2013,32500,-0.0121580547112462
"637","Greece",2013,NA,NA
"638","Spain",2013,24500,0.00409836065573765
"639","France",2013,27800,0.00361010830324915
"640","Croatia",2013,15600,0
"641","Italy",2013,25200,-0.015625
"642","Cyprus",2013,22100,-0.0555555555555556
"643","Latvia",2013,17300,0.0548780487804879
"644","Lithuania",2013,19100,0.0437158469945356
"645","Luxembourg",2013,67900,0.0119225037257824
"646","Hungary",2013,17200,0.0117647058823529
"647","Malta",2013,22700,0.0271493212669682
"648","Netherlands",2013,32600,0.00307692307692298
"649","Austria",2013,33200,0.00302114803625386
"650","Poland",2013,17500,0.0233918128654971
"651","Portugal",2013,19400,0
"652","Romania",2013,13900,0.0220588235294117
"653","Slovenia",2013,21300,-0.00467289719626163
"654","Slovakia",2013,19600,0.0103092783505154
"655","Finland",2013,28700,-0.0238095238095238
"656","Sweden",2013,32700,0.015527950310559
"657","United Kingdom",2013,27200,0.0225563909774436
"658","Iceland",2013,30000,0.0204081632653061
"659","Liechtenstein",2013,NA,NA
"660","Norway",2013,49200,-0.0100603621730382
"661","Switzerland",2013,40600,0.00744416873449127
"662","Former Yugoslav Republic of Macedonia",2013,NA,NA
"663","Serbia",2013,NA,NA
"664","Turkey",2013,NA,NA
"665","United States",2013,39800,0.0101522842639594
"666","Japan",2013,NA,NA
